object={
	name="cotc_hex"
	render_pass=Map
	clamp_to_water_level=no
	generated_content=no
	layer="cotc_space_layer"
	pdxmesh="cotc_hex_mesh"
	count=1208
	transform="3823.497803 0.500000 3032.997559 0.000000 0.903344 0.000000 0.428918 1.000000 1.000000 1.000000
3825.691162 0.500000 3035.643066 0.000000 0.903344 0.000000 0.428918 1.000000 1.000000 1.000000
3827.825439 0.500000 3038.264648 0.000000 0.903344 0.000000 0.428918 1.000000 1.000000 1.000000
3830.031738 0.500000 3040.921631 0.000000 0.903344 0.000000 0.428918 1.000000 1.000000 1.000000
3832.165771 0.500000 3043.543213 0.000000 0.903344 0.000000 0.428918 1.000000 1.000000 1.000000
3797.730469 0.500000 3130.068115 0.000000 0.895611 0.000000 0.444839 1.000000 1.000000 1.000000
3799.823486 0.500000 3132.816895 0.000000 0.895611 0.000000 0.444839 1.000000 1.000000 1.000000
3801.863525 0.500000 3135.512451 0.000000 0.895611 0.000000 0.444839 1.000000 1.000000 1.000000
3803.961914 0.500000 3138.233887 0.000000 0.895611 0.000000 0.444839 1.000000 1.000000 1.000000
3806.001953 0.500000 3140.929443 0.000000 0.895611 0.000000 0.444839 1.000000 1.000000 1.000000
3808.112793 0.500000 3143.662842 0.000000 0.895611 0.000000 0.444839 1.000000 1.000000 1.000000
3810.152832 0.500000 3146.358398 0.000000 0.895611 0.000000 0.444839 1.000000 1.000000 1.000000
3804.985596 0.500000 2937.322998 0.000000 0.636303 0.000000 0.771439 1.000000 1.000000 1.000000
3804.339111 0.500000 2940.641113 0.000000 0.636303 0.000000 0.771439 1.000000 1.000000 1.000000
3803.711914 0.500000 2944.037109 0.000000 0.636303 0.000000 0.771439 1.000000 1.000000 1.000000
3803.065674 0.500000 2947.355225 0.000000 0.636303 0.000000 0.771439 1.000000 1.000000 1.000000
3802.439209 0.500000 2950.734375 0.000000 0.636303 0.000000 0.771439 1.000000 1.000000 1.000000
3669.364014 0.500000 3029.061523 0.000000 0.404677 0.000000 0.914460 1.000000 1.000000 1.000000
3667.064941 0.500000 3031.638184 0.000000 0.404677 0.000000 0.914460 1.000000 1.000000 1.000000
3664.789062 0.500000 3034.137695 0.000000 0.404677 0.000000 0.914460 1.000000 1.000000 1.000000
3662.498535 0.500000 3036.699463 0.000000 0.404677 0.000000 0.914460 1.000000 1.000000 1.000000
3655.703369 0.500000 3044.137451 0.000000 0.404677 0.000000 0.914460 1.000000 1.000000 1.000000
3657.964600 0.500000 3041.693604 0.000000 0.404677 0.000000 0.914460 1.000000 1.000000 1.000000
3660.222412 0.500000 3039.199219 0.000000 0.404677 0.000000 0.914460 1.000000 1.000000 1.000000
3592.306152 0.500000 2790.017578 0.000000 0.054652 0.000000 -0.998506 1.000000 1.000000 1.000000
3588.887451 0.500000 2789.669434 0.000000 0.054652 0.000000 -0.998506 1.000000 1.000000 1.000000
3585.527588 0.500000 2789.298096 0.000000 0.054652 0.000000 -0.998506 1.000000 1.000000 1.000000
3582.091553 0.500000 2788.950684 0.000000 0.054652 0.000000 -0.998506 1.000000 1.000000 1.000000
3578.731445 0.500000 2788.578613 0.000000 0.054652 0.000000 -0.998506 1.000000 1.000000 1.000000
3575.312744 0.500000 2788.231445 0.000000 0.054652 0.000000 -0.998506 1.000000 1.000000 1.000000
3571.952148 0.500000 2787.858643 0.000000 0.054652 0.000000 -0.998506 1.000000 1.000000 1.000000
3615.756348 0.500000 2841.163574 0.000000 0.808508 0.000000 -0.588486 1.000000 1.000000 1.000000
3616.786377 0.500000 2837.885254 0.000000 0.808508 0.000000 -0.588486 1.000000 1.000000 1.000000
3617.842041 0.500000 2834.595215 0.000000 0.808508 0.000000 -0.588486 1.000000 1.000000 1.000000
3618.883789 0.500000 2831.379395 0.000000 0.808508 0.000000 -0.588486 1.000000 1.000000 1.000000
3813.709229 0.500000 2677.616455 0.000000 0.500468 0.000000 0.865755 1.000000 1.000000 1.000000
3812.019287 0.500000 2680.543701 0.000000 0.500468 0.000000 0.865755 1.000000 1.000000 1.000000
3810.328369 0.500000 2683.535645 0.000000 0.500468 0.000000 0.865755 1.000000 1.000000 1.000000
3803.602783 0.500000 2695.170898 0.000000 0.500468 0.000000 0.865755 1.000000 1.000000 1.000000
3805.276367 0.500000 2692.252197 0.000000 0.500468 0.000000 0.865755 1.000000 1.000000 1.000000
3806.964600 0.500000 2689.382324 0.000000 0.500468 0.000000 0.865755 1.000000 1.000000 1.000000
3808.638184 0.500000 2686.463623 0.000000 0.500468 0.000000 0.865755 1.000000 1.000000 1.000000
3759.344238 0.500000 2755.326660 0.000000 0.395896 0.000000 0.918296 1.000000 1.000000 1.000000
3756.996094 0.500000 2757.858398 0.000000 0.395896 0.000000 0.918296 1.000000 1.000000 1.000000
3754.672607 0.500000 2760.314209 0.000000 0.395896 0.000000 0.918296 1.000000 1.000000 1.000000
3752.333252 0.500000 2762.831543 0.000000 0.395896 0.000000 0.918296 1.000000 1.000000 1.000000
3743.091553 0.500000 2772.588135 0.000000 0.395896 0.000000 0.918296 1.000000 1.000000 1.000000
3745.396729 0.500000 2770.137939 0.000000 0.395896 0.000000 0.918296 1.000000 1.000000 1.000000
3747.704590 0.500000 2767.737549 0.000000 0.395896 0.000000 0.918296 1.000000 1.000000 1.000000
3750.010254 0.500000 2765.287354 0.000000 0.395896 0.000000 0.918296 1.000000 1.000000 1.000000
3719.621582 0.500000 2820.257568 0.000000 0.661242 0.000000 0.750173 1.000000 1.000000 1.000000
3719.217529 0.500000 2823.670410 0.000000 0.661242 0.000000 0.750173 1.000000 1.000000 1.000000
3718.790283 0.500000 2827.023926 0.000000 0.661242 0.000000 0.750173 1.000000 1.000000 1.000000
3718.387207 0.500000 2830.453613 0.000000 0.661242 0.000000 0.750173 1.000000 1.000000 1.000000
3717.959473 0.500000 2833.807129 0.000000 0.661242 0.000000 0.750173 1.000000 1.000000 1.000000
3717.555420 0.500000 2837.219727 0.000000 0.661242 0.000000 0.750173 1.000000 1.000000 1.000000
3715.847168 0.500000 2850.549561 0.000000 0.661242 0.000000 0.750173 1.000000 1.000000 1.000000
3716.263672 0.500000 2847.211182 0.000000 0.661242 0.000000 0.750173 1.000000 1.000000 1.000000
3716.711426 0.500000 2843.911621 0.000000 0.661242 0.000000 0.750173 1.000000 1.000000 1.000000
3717.127930 0.500000 2840.572998 0.000000 0.661242 0.000000 0.750173 1.000000 1.000000 1.000000
3746.997559 0.500000 3001.116211 0.000000 0.036247 0.000000 0.999343 1.000000 1.000000 1.000000
3743.555176 0.500000 3001.396973 0.000000 0.036247 0.000000 0.999343 1.000000 1.000000 1.000000
3740.183350 0.500000 3001.638428 0.000000 0.036247 0.000000 0.999343 1.000000 1.000000 1.000000
3736.758057 0.500000 3001.915283 0.000000 0.036247 0.000000 0.999343 1.000000 1.000000 1.000000
3723.353027 0.500000 3002.867188 0.000000 0.036247 0.000000 0.999343 1.000000 1.000000 1.000000
3726.708496 0.500000 3002.617188 0.000000 0.036247 0.000000 0.999343 1.000000 1.000000 1.000000
3730.030762 0.500000 3002.406250 0.000000 0.036247 0.000000 0.999343 1.000000 1.000000 1.000000
3733.386475 0.500000 3002.156738 0.000000 0.036247 0.000000 0.999343 1.000000 1.000000 1.000000
3948.472656 0.500000 2818.798340 0.000000 0.631606 0.000000 0.775289 1.000000 1.000000 1.000000
3947.805176 0.500000 2822.170166 0.000000 0.631606 0.000000 0.775289 1.000000 1.000000 1.000000
3945.092285 0.500000 2835.380371 0.000000 0.631606 0.000000 0.775289 1.000000 1.000000 1.000000
3945.776855 0.500000 2832.071289 0.000000 0.631606 0.000000 0.775289 1.000000 1.000000 1.000000
3946.444092 0.500000 2828.776123 0.000000 0.631606 0.000000 0.775289 1.000000 1.000000 1.000000
3947.118164 0.500000 2825.480225 0.000000 0.631606 0.000000 0.775289 1.000000 1.000000 1.000000
4048.885254 0.500000 3021.119141 0.000000 0.736974 0.000000 0.675921 1.000000 1.000000 1.000000
4049.209473 0.500000 3024.540527 0.000000 0.736974 0.000000 0.675921 1.000000 1.000000 1.000000
4049.514160 0.500000 3027.981934 0.000000 0.736974 0.000000 0.675921 1.000000 1.000000 1.000000
4049.802490 0.500000 3031.349609 0.000000 0.736974 0.000000 0.675921 1.000000 1.000000 1.000000
4050.126953 0.500000 3034.770996 0.000000 0.736974 0.000000 0.675921 1.000000 1.000000 1.000000
4050.415039 0.500000 3038.139893 0.000000 0.736974 0.000000 0.675921 1.000000 1.000000 1.000000
4050.742920 0.500000 3041.576904 0.000000 0.736974 0.000000 0.675921 1.000000 1.000000 1.000000
4051.031738 0.500000 3044.944824 0.000000 0.736974 0.000000 0.675921 1.000000 1.000000 1.000000
4051.355713 0.500000 3048.366699 0.000000 0.736974 0.000000 0.675921 1.000000 1.000000 1.000000
4052.532715 0.500000 3061.801270 0.000000 0.736974 0.000000 0.675921 1.000000 1.000000 1.000000
4052.242676 0.500000 3058.434814 0.000000 0.736974 0.000000 0.675921 1.000000 1.000000 1.000000
4051.939941 0.500000 3055.086182 0.000000 0.736974 0.000000 0.675921 1.000000 1.000000 1.000000
4051.643799 0.500000 3051.735107 0.000000 0.736974 0.000000 0.675921 1.000000 1.000000 1.000000
4044.167725 0.500000 2721.518066 0.000000 0.999710 0.000000 -0.024110 1.000000 1.000000 1.000000
4057.637451 0.500000 2720.854248 0.000000 0.999710 0.000000 -0.024110 1.000000 1.000000 1.000000
4054.262207 0.500000 2721.016357 0.000000 0.999710 0.000000 -0.024110 1.000000 1.000000 1.000000
4050.904541 0.500000 2721.191162 0.000000 0.999710 0.000000 -0.024110 1.000000 1.000000 1.000000
4047.543701 0.500000 2721.359131 0.000000 0.999710 0.000000 -0.024110 1.000000 1.000000 1.000000
3839.772461 0.500000 2991.182129 0.000000 0.997800 0.000000 -0.066300 1.000000 1.000000 1.000000
3843.097412 0.500000 2990.771973 0.000000 0.997800 0.000000 -0.066300 1.000000 1.000000 1.000000
3846.448975 0.500000 2990.327637 0.000000 0.997800 0.000000 -0.066300 1.000000 1.000000 1.000000
3849.851807 0.500000 2989.845215 0.000000 0.997800 0.000000 -0.066300 1.000000 1.000000 1.000000
3853.275879 0.500000 2989.381592 0.000000 0.997800 0.000000 -0.066300 1.000000 1.000000 1.000000
3856.625977 0.500000 2988.938477 0.000000 0.997800 0.000000 -0.066300 1.000000 1.000000 1.000000
3860.029053 0.500000 2988.455811 0.000000 0.997800 0.000000 -0.066300 1.000000 1.000000 1.000000
3863.380859 0.500000 2988.011475 0.000000 0.997800 0.000000 -0.066300 1.000000 1.000000 1.000000
3866.799072 0.500000 2987.524902 0.000000 0.997800 0.000000 -0.066300 1.000000 1.000000 1.000000
3870.149902 0.500000 2987.080078 0.000000 0.997800 0.000000 -0.066300 1.000000 1.000000 1.000000
3873.552979 0.500000 2986.597656 0.000000 0.997800 0.000000 -0.066300 1.000000 1.000000 1.000000
3886.918701 0.500000 2984.799805 0.000000 0.997800 0.000000 -0.066300 1.000000 1.000000 1.000000
3883.569092 0.500000 2985.245850 0.000000 0.997800 0.000000 -0.066300 1.000000 1.000000 1.000000
3880.238281 0.500000 2985.703369 0.000000 0.997800 0.000000 -0.066300 1.000000 1.000000 1.000000
3876.903809 0.500000 2986.154297 0.000000 0.997800 0.000000 -0.066300 1.000000 1.000000 1.000000
3809.360107 0.500000 3083.183350 0.000000 0.981586 0.000000 -0.191022 1.000000 1.000000 1.000000
3812.560547 0.500000 3081.881592 0.000000 0.981586 0.000000 -0.191022 1.000000 1.000000 1.000000
3815.695312 0.500000 3080.616699 0.000000 0.981586 0.000000 -0.191022 1.000000 1.000000 1.000000
3818.870850 0.500000 3079.302002 0.000000 0.981586 0.000000 -0.191022 1.000000 1.000000 1.000000
3822.005859 0.500000 3078.037842 0.000000 0.981586 0.000000 -0.191022 1.000000 1.000000 1.000000
3825.195801 0.500000 3076.714600 0.000000 0.981586 0.000000 -0.191022 1.000000 1.000000 1.000000
3878.240479 0.500000 3066.761719 0.000000 0.999655 0.000000 0.026269 1.000000 1.000000 1.000000
3891.708740 0.500000 3067.456299 0.000000 0.999655 0.000000 0.026269 1.000000 1.000000 1.000000
3888.334229 0.500000 3067.277344 0.000000 0.999655 0.000000 0.026269 1.000000 1.000000 1.000000
3884.976318 0.500000 3067.113525 0.000000 0.999655 0.000000 0.026269 1.000000 1.000000 1.000000
3881.616455 0.500000 3066.942871 0.000000 0.999655 0.000000 0.026269 1.000000 1.000000 1.000000
3713.066895 0.500000 3161.337891 0.000000 0.937718 0.000000 0.347397 1.000000 1.000000 1.000000
3715.629639 0.500000 3163.542725 0.000000 0.937718 0.000000 0.347397 1.000000 1.000000 1.000000
3718.268799 0.500000 3165.769287 0.000000 0.937718 0.000000 0.347397 1.000000 1.000000 1.000000
3720.831299 0.500000 3167.974121 0.000000 0.937718 0.000000 0.347397 1.000000 1.000000 1.000000
3723.456543 0.500000 3170.192383 0.000000 0.937718 0.000000 0.347397 1.000000 1.000000 1.000000
3728.575195 0.500000 3174.584717 0.000000 0.937718 0.000000 0.347397 1.000000 1.000000 1.000000
3726.019043 0.500000 3172.396973 0.000000 0.937718 0.000000 0.347397 1.000000 1.000000 1.000000
3775.777832 0.500000 3185.258789 0.000000 0.993339 0.000000 -0.115226 1.000000 1.000000 1.000000
3779.069336 0.500000 3184.488037 0.000000 0.993339 0.000000 -0.115226 1.000000 1.000000 1.000000
3782.423584 0.500000 3183.667969 0.000000 0.993339 0.000000 -0.115226 1.000000 1.000000 1.000000
3785.715088 0.500000 3182.897217 0.000000 0.993339 0.000000 -0.115226 1.000000 1.000000 1.000000
3789.054199 0.500000 3182.083496 0.000000 0.993339 0.000000 -0.115226 1.000000 1.000000 1.000000
3802.179199 0.500000 3178.982910 0.000000 0.993339 0.000000 -0.115226 1.000000 1.000000 1.000000
3798.889404 0.500000 3179.754883 0.000000 0.993339 0.000000 -0.115226 1.000000 1.000000 1.000000
3795.619385 0.500000 3180.536865 0.000000 0.993339 0.000000 -0.115226 1.000000 1.000000 1.000000
3792.345703 0.500000 3181.312744 0.000000 0.993339 0.000000 -0.115226 1.000000 1.000000 1.000000
3991.689209 0.500000 3173.602051 0.000000 0.995366 0.000000 0.096160 1.000000 1.000000 1.000000
3995.006592 0.500000 3174.252197 0.000000 0.995366 0.000000 0.096160 1.000000 1.000000 1.000000
3998.385010 0.500000 3174.883057 0.000000 0.995366 0.000000 0.096160 1.000000 1.000000 1.000000
4001.702148 0.500000 3175.533203 0.000000 0.995366 0.000000 0.096160 1.000000 1.000000 1.000000
4005.097412 0.500000 3176.164551 0.000000 0.995366 0.000000 0.096160 1.000000 1.000000 1.000000
4008.414795 0.500000 3176.814453 0.000000 0.995366 0.000000 0.096160 1.000000 1.000000 1.000000
4011.793213 0.500000 3177.445312 0.000000 0.995366 0.000000 0.096160 1.000000 1.000000 1.000000
4025.032471 0.500000 3180.013672 0.000000 0.995366 0.000000 0.096160 1.000000 1.000000 1.000000
4021.716309 0.500000 3179.364990 0.000000 0.995366 0.000000 0.096160 1.000000 1.000000 1.000000
4018.413818 0.500000 3178.733887 0.000000 0.995366 0.000000 0.096160 1.000000 1.000000 1.000000
4015.110352 0.500000 3178.096191 0.000000 0.995366 0.000000 0.096160 1.000000 1.000000 1.000000
4059.979248 0.500000 3125.709717 0.000000 0.752350 0.000000 0.658763 1.000000 1.000000 1.000000
4060.465576 0.500000 3129.128906 0.000000 0.752350 0.000000 0.658763 1.000000 1.000000 1.000000
4060.909180 0.500000 3132.479980 0.000000 0.752350 0.000000 0.658763 1.000000 1.000000 1.000000
4061.390137 0.500000 3135.883057 0.000000 0.752350 0.000000 0.658763 1.000000 1.000000 1.000000
4062.740723 0.500000 3145.898926 0.000000 0.752350 0.000000 0.658763 1.000000 1.000000 1.000000
4062.283447 0.500000 3142.568604 0.000000 0.752350 0.000000 0.658763 1.000000 1.000000 1.000000
4061.833008 0.500000 3139.234131 0.000000 0.752350 0.000000 0.658763 1.000000 1.000000 1.000000
3933.453125 0.500000 3102.437988 0.000000 0.803491 0.000000 0.595317 1.000000 1.000000 1.000000
3934.487793 0.500000 3105.732910 0.000000 0.803491 0.000000 0.595317 1.000000 1.000000 1.000000
3935.469482 0.500000 3108.967773 0.000000 0.803491 0.000000 0.595317 1.000000 1.000000 1.000000
3936.496338 0.500000 3112.247559 0.000000 0.803491 0.000000 0.595317 1.000000 1.000000 1.000000
3940.436768 0.500000 3125.145020 0.000000 0.803491 0.000000 0.595317 1.000000 1.000000 1.000000
3939.454590 0.500000 3121.911621 0.000000 0.803491 0.000000 0.595317 1.000000 1.000000 1.000000
3938.462646 0.500000 3118.699463 0.000000 0.803491 0.000000 0.595317 1.000000 1.000000 1.000000
3937.477295 0.500000 3115.482422 0.000000 0.803491 0.000000 0.595317 1.000000 1.000000 1.000000
4070.763184 0.500000 3416.349365 0.000000 -0.754198 0.000000 0.656647 1.000000 1.000000 1.000000
4071.231689 0.500000 3413.001953 0.000000 -0.754198 0.000000 0.656647 1.000000 1.000000 1.000000
4071.676758 0.500000 3409.593994 0.000000 -0.754198 0.000000 0.656647 1.000000 1.000000 1.000000
4072.145752 0.500000 3406.246338 0.000000 -0.754198 0.000000 0.656647 1.000000 1.000000 1.000000
3912.548828 0.500000 3164.980957 0.000000 0.041553 0.000000 0.999136 1.000000 1.000000 1.000000
3909.207520 0.500000 3165.226562 0.000000 0.041553 0.000000 0.999136 1.000000 1.000000 1.000000
3905.838135 0.500000 3165.503662 0.000000 0.041553 0.000000 0.999136 1.000000 1.000000 1.000000
3902.415771 0.500000 3165.816406 0.000000 0.041553 0.000000 0.999136 1.000000 1.000000 1.000000
3898.973633 0.500000 3166.110352 0.000000 0.041553 0.000000 0.999136 1.000000 1.000000 1.000000
3895.604248 0.500000 3166.387939 0.000000 0.041553 0.000000 0.999136 1.000000 1.000000 1.000000
3892.182129 0.500000 3166.700684 0.000000 0.041553 0.000000 0.999136 1.000000 1.000000 1.000000
3888.813232 0.500000 3166.978027 0.000000 0.041553 0.000000 0.999136 1.000000 1.000000 1.000000
3885.374268 0.500000 3167.295166 0.000000 0.041553 0.000000 0.999136 1.000000 1.000000 1.000000
3882.005127 0.500000 3167.572998 0.000000 0.041553 0.000000 0.999136 1.000000 1.000000 1.000000
3878.582764 0.500000 3167.885742 0.000000 0.041553 0.000000 0.999136 1.000000 1.000000 1.000000
3865.144287 0.500000 3169.019287 0.000000 0.041553 0.000000 0.999136 1.000000 1.000000 1.000000
3868.511963 0.500000 3168.740479 0.000000 0.041553 0.000000 0.999136 1.000000 1.000000 1.000000
3871.861328 0.500000 3168.448242 0.000000 0.041553 0.000000 0.999136 1.000000 1.000000 1.000000
3875.213623 0.500000 3168.162842 0.000000 0.041553 0.000000 0.999136 1.000000 1.000000 1.000000
4064.519043 0.500000 3234.753418 0.000000 0.636539 0.000000 0.771245 1.000000 1.000000 1.000000
4063.894531 0.500000 3238.132812 0.000000 0.636539 0.000000 0.771245 1.000000 1.000000 1.000000
4063.250244 0.500000 3241.451172 0.000000 0.636539 0.000000 0.771245 1.000000 1.000000 1.000000
4062.625488 0.500000 3244.847656 0.000000 0.636539 0.000000 0.771245 1.000000 1.000000 1.000000
4061.981201 0.500000 3248.166504 0.000000 0.636539 0.000000 0.771245 1.000000 1.000000 1.000000
4036.291260 0.500000 3292.349121 0.000000 0.269161 0.000000 0.963095 1.000000 1.000000 1.000000
4033.399170 0.500000 3294.099365 0.000000 0.269161 0.000000 0.963095 1.000000 1.000000 1.000000
4030.474854 0.500000 3295.904541 0.000000 0.269161 0.000000 0.963095 1.000000 1.000000 1.000000
4018.949707 0.500000 3302.908203 0.000000 0.269161 0.000000 0.963095 1.000000 1.000000 1.000000
4021.840088 0.500000 3301.157715 0.000000 0.269161 0.000000 0.963095 1.000000 1.000000 1.000000
4024.708496 0.500000 3299.403564 0.000000 0.269161 0.000000 0.963095 1.000000 1.000000 1.000000
4027.582275 0.500000 3297.654053 0.000000 0.269161 0.000000 0.963095 1.000000 1.000000 1.000000
4152.463379 0.500000 3627.570068 0.000000 0.664783 0.000000 0.747036 1.000000 1.000000 1.000000
4152.068848 0.500000 3631.002686 0.000000 0.664783 0.000000 0.747036 1.000000 1.000000 1.000000
4151.673340 0.500000 3634.359375 0.000000 0.664783 0.000000 0.747036 1.000000 1.000000 1.000000
4151.301270 0.500000 3637.776611 0.000000 0.664783 0.000000 0.747036 1.000000 1.000000 1.000000
4150.906250 0.500000 3641.133057 0.000000 0.664783 0.000000 0.747036 1.000000 1.000000 1.000000
4150.535156 0.500000 3644.567139 0.000000 0.664783 0.000000 0.747036 1.000000 1.000000 1.000000
4073.346924 0.500000 3653.614502 0.000000 0.959059 0.000000 0.283205 1.000000 1.000000 1.000000
4076.183594 0.500000 3655.453369 0.000000 0.959059 0.000000 0.283205 1.000000 1.000000 1.000000
4079.083496 0.500000 3657.297119 0.000000 0.959059 0.000000 0.283205 1.000000 1.000000 1.000000
4081.988281 0.500000 3659.168213 0.000000 0.959059 0.000000 0.283205 1.000000 1.000000 1.000000
4084.824219 0.500000 3661.007080 0.000000 0.959059 0.000000 0.283205 1.000000 1.000000 1.000000
4087.725098 0.500000 3662.851318 0.000000 0.959059 0.000000 0.283205 1.000000 1.000000 1.000000
4090.561035 0.500000 3664.689697 0.000000 0.959059 0.000000 0.283205 1.000000 1.000000 1.000000
4101.523926 0.500000 3468.312988 0.000000 0.957787 0.000000 0.287476 1.000000 1.000000 1.000000
4104.407227 0.500000 3470.182129 0.000000 0.957787 0.000000 0.287476 1.000000 1.000000 1.000000
4112.851562 0.500000 3475.735840 0.000000 0.957787 0.000000 0.287476 1.000000 1.000000 1.000000
4110.038574 0.500000 3473.894287 0.000000 0.957787 0.000000 0.287476 1.000000 1.000000 1.000000
4107.226562 0.500000 3472.046631 0.000000 0.957787 0.000000 0.287476 1.000000 1.000000 1.000000
4115.630859 0.500000 3477.607910 0.000000 0.957787 0.000000 0.287476 1.000000 1.000000 1.000000
4118.450195 0.500000 3479.472412 0.000000 0.957787 0.000000 0.287476 1.000000 1.000000 1.000000
4045.999268 0.500000 3594.051514 0.000000 0.737860 0.000000 0.674953 1.000000 1.000000 1.000000
4046.296387 0.500000 3597.418945 0.000000 0.737860 0.000000 0.674953 1.000000 1.000000 1.000000
4046.629639 0.500000 3600.839111 0.000000 0.737860 0.000000 0.674953 1.000000 1.000000 1.000000
4047.231934 0.500000 3607.557129 0.000000 0.737860 0.000000 0.674953 1.000000 1.000000 1.000000
4046.926758 0.500000 3604.206787 0.000000 0.737860 0.000000 0.674953 1.000000 1.000000 1.000000
4155.104004 0.500000 3544.765381 0.000000 0.714086 0.000000 0.700056 1.000000 1.000000 1.000000
4155.167969 0.500000 3548.144775 0.000000 0.714086 0.000000 0.700056 1.000000 1.000000 1.000000
4155.263672 0.500000 3551.580811 0.000000 0.714086 0.000000 0.700056 1.000000 1.000000 1.000000
4155.327637 0.500000 3554.959961 0.000000 0.714086 0.000000 0.700056 1.000000 1.000000 1.000000
4155.426270 0.500000 3558.412354 0.000000 0.714086 0.000000 0.700056 1.000000 1.000000 1.000000
4155.490723 0.500000 3561.792480 0.000000 0.714086 0.000000 0.700056 1.000000 1.000000 1.000000
3499.744385 0.500000 2631.372559 0.000000 0.998949 0.000000 -0.045826 1.000000 1.000000 1.000000
3503.110840 0.500000 2631.066162 0.000000 0.998949 0.000000 -0.045826 1.000000 1.000000 1.000000
3506.530273 0.500000 2630.724121 0.000000 0.998949 0.000000 -0.045826 1.000000 1.000000 1.000000
3509.970459 0.500000 2630.401611 0.000000 0.998949 0.000000 -0.045826 1.000000 1.000000 1.000000
3608.426758 0.500000 2499.375977 0.000000 0.956111 0.000000 -0.293004 1.000000 1.000000 1.000000
3605.648193 0.500000 2501.269775 0.000000 0.956111 0.000000 -0.293004 1.000000 1.000000 1.000000
3611.219971 0.500000 2497.526367 0.000000 0.956111 0.000000 -0.293004 1.000000 1.000000 1.000000
3614.021484 0.500000 2495.634766 0.000000 0.956111 0.000000 -0.293004 1.000000 1.000000 1.000000
3616.852783 0.500000 2493.686523 0.000000 0.956111 0.000000 -0.293004 1.000000 1.000000 1.000000
3531.592529 0.500000 2542.128418 0.000000 0.974559 0.000000 -0.224128 1.000000 1.000000 1.000000
3528.573242 0.500000 2543.607910 0.000000 0.974559 0.000000 -0.224128 1.000000 1.000000 1.000000
3534.620361 0.500000 2540.694580 0.000000 0.974559 0.000000 -0.224128 1.000000 1.000000 1.000000
3537.662354 0.500000 2539.220459 0.000000 0.974559 0.000000 -0.224128 1.000000 1.000000 1.000000
3540.741699 0.500000 2537.694580 0.000000 0.974559 0.000000 -0.224128 1.000000 1.000000 1.000000
3565.196289 0.500000 2619.601074 0.000000 0.990320 0.000000 -0.138806 1.000000 1.000000 1.000000
3568.492676 0.500000 2618.629883 0.000000 0.990320 0.000000 -0.138806 1.000000 1.000000 1.000000
3571.743164 0.500000 2617.703125 0.000000 0.990320 0.000000 -0.138806 1.000000 1.000000 1.000000
3575.055664 0.500000 2616.725098 0.000000 0.990320 0.000000 -0.138806 1.000000 1.000000 1.000000
3476.764648 0.500000 2599.961182 0.000000 0.840244 0.000000 -0.542209 1.000000 1.000000 1.000000
3478.156006 0.500000 2596.817627 0.000000 0.840244 0.000000 -0.542209 1.000000 1.000000 1.000000
3479.551758 0.500000 2593.739014 0.000000 0.840244 0.000000 -0.542209 1.000000 1.000000 1.000000
3726.314941 0.500000 2517.644287 0.000000 0.969818 0.000000 -0.243828 1.000000 1.000000 1.000000
3723.357422 0.500000 2519.245117 0.000000 0.969818 0.000000 -0.243828 1.000000 1.000000 1.000000
3720.396240 0.500000 2520.842041 0.000000 0.969818 0.000000 -0.243828 1.000000 1.000000 1.000000
3729.281738 0.500000 2516.088623 0.000000 0.969818 0.000000 -0.243828 1.000000 1.000000 1.000000
3732.261963 0.500000 2514.492188 0.000000 0.969818 0.000000 -0.243828 1.000000 1.000000 1.000000
3723.928223 0.500000 2558.520996 0.000000 0.960175 0.000000 0.279400 1.000000 1.000000 1.000000
3721.083984 0.500000 2556.726807 0.000000 0.960175 0.000000 0.279400 1.000000 1.000000 1.000000
3718.241455 0.500000 2554.927246 0.000000 0.960175 0.000000 0.279400 1.000000 1.000000 1.000000
3726.737793 0.500000 2560.345947 0.000000 0.960175 0.000000 0.279400 1.000000 1.000000 1.000000
3729.588867 0.500000 2562.162354 0.000000 0.960175 0.000000 0.279400 1.000000 1.000000 1.000000
3766.040527 0.500000 2538.253174 0.000000 0.643946 0.000000 0.765070 1.000000 1.000000 1.000000
3765.481689 0.500000 2541.643799 0.000000 0.643946 0.000000 0.765070 1.000000 1.000000 1.000000
3764.901611 0.500000 2544.974121 0.000000 0.643946 0.000000 0.765070 1.000000 1.000000 1.000000
3764.341064 0.500000 2548.382080 0.000000 0.643946 0.000000 0.765070 1.000000 1.000000 1.000000
4251.583008 0.500000 2116.732666 0.000000 0.996315 0.000000 0.085767 1.000000 1.000000 1.000000
4254.990723 0.500000 2117.293701 0.000000 0.996315 0.000000 0.085767 1.000000 1.000000 1.000000
4258.321289 0.500000 2117.873291 0.000000 0.996315 0.000000 0.085767 1.000000 1.000000 1.000000
4261.711426 0.500000 2118.434326 0.000000 0.996315 0.000000 0.085767 1.000000 1.000000 1.000000
4271.408691 0.500000 2019.209473 0.000000 0.996315 0.000000 0.085767 1.000000 1.000000 1.000000
4274.800293 0.500000 2019.769775 0.000000 0.996315 0.000000 0.085767 1.000000 1.000000 1.000000
4278.129883 0.500000 2020.350586 0.000000 0.996315 0.000000 0.085767 1.000000 1.000000 1.000000
4281.537598 0.500000 2020.911377 0.000000 0.996315 0.000000 0.085767 1.000000 1.000000 1.000000
4284.868164 0.500000 2021.491211 0.000000 0.996315 0.000000 0.085767 1.000000 1.000000 1.000000
4288.258301 0.500000 2022.052002 0.000000 0.996315 0.000000 0.085767 1.000000 1.000000 1.000000
4111.640625 0.500000 2200.727783 0.000000 0.710639 0.000000 0.703557 1.000000 1.000000 1.000000
4111.670898 0.500000 2204.108643 0.000000 0.710639 0.000000 0.703557 1.000000 1.000000 1.000000
4111.731934 0.500000 2207.544434 0.000000 0.710639 0.000000 0.703557 1.000000 1.000000 1.000000
4111.773926 0.500000 2210.999756 0.000000 0.710639 0.000000 0.703557 1.000000 1.000000 1.000000
4111.805176 0.500000 2214.379639 0.000000 0.710639 0.000000 0.703557 1.000000 1.000000 1.000000
4230.499512 0.500000 2057.066895 0.000000 0.667628 0.000000 0.744495 1.000000 1.000000 1.000000
4230.852539 0.500000 2053.723389 0.000000 0.667628 0.000000 0.744495 1.000000 1.000000 1.000000
4231.210938 0.500000 2050.377686 0.000000 0.667628 0.000000 0.744495 1.000000 1.000000 1.000000
4230.104004 0.500000 2060.393799 0.000000 0.667628 0.000000 0.744495 1.000000 1.000000 1.000000
4229.733398 0.500000 2063.754395 0.000000 0.667628 0.000000 0.744495 1.000000 1.000000 1.000000
4229.387207 0.500000 2067.172852 0.000000 0.667628 0.000000 0.744495 1.000000 1.000000 1.000000
4229.019043 0.500000 2070.608887 0.000000 0.667628 0.000000 0.744495 1.000000 1.000000 1.000000
4228.649902 0.500000 2073.968750 0.000000 0.667628 0.000000 0.744495 1.000000 1.000000 1.000000
4228.303223 0.500000 2077.388184 0.000000 0.667628 0.000000 0.744495 1.000000 1.000000 1.000000
4227.933594 0.500000 2080.747559 0.000000 0.667628 0.000000 0.744495 1.000000 1.000000 1.000000
4227.588867 0.500000 2084.184326 0.000000 0.667628 0.000000 0.744495 1.000000 1.000000 1.000000
4306.907715 0.500000 2159.750977 0.000000 0.790049 0.000000 0.613044 1.000000 1.000000 1.000000
4307.787598 0.500000 2163.072510 0.000000 0.790049 0.000000 0.613044 1.000000 1.000000 1.000000
4308.652344 0.500000 2166.418213 0.000000 0.790049 0.000000 0.613044 1.000000 1.000000 1.000000
4309.489258 0.500000 2169.693115 0.000000 0.790049 0.000000 0.613044 1.000000 1.000000 1.000000
4310.369141 0.500000 2173.015381 0.000000 0.790049 0.000000 0.613044 1.000000 1.000000 1.000000
4311.205566 0.500000 2176.290283 0.000000 0.790049 0.000000 0.613044 1.000000 1.000000 1.000000
4312.091797 0.500000 2179.628174 0.000000 0.790049 0.000000 0.613044 1.000000 1.000000 1.000000
4308.595215 0.500000 2060.747803 0.000000 0.646744 0.000000 0.762707 1.000000 1.000000 1.000000
4309.133301 0.500000 2057.429199 0.000000 0.646744 0.000000 0.762707 1.000000 1.000000 1.000000
4309.677246 0.500000 2054.108154 0.000000 0.646744 0.000000 0.762707 1.000000 1.000000 1.000000
4308.016113 0.500000 2064.047607 0.000000 0.646744 0.000000 0.762707 1.000000 1.000000 1.000000
4307.459961 0.500000 2067.382324 0.000000 0.646744 0.000000 0.762707 1.000000 1.000000 1.000000
4306.925293 0.500000 2070.776611 0.000000 0.646744 0.000000 0.762707 1.000000 1.000000 1.000000
4306.367188 0.500000 2074.187012 0.000000 0.646744 0.000000 0.762707 1.000000 1.000000 1.000000
4305.812012 0.500000 2077.520996 0.000000 0.646744 0.000000 0.762707 1.000000 1.000000 1.000000
4305.277344 0.500000 2080.916016 0.000000 0.646744 0.000000 0.762707 1.000000 1.000000 1.000000
4304.721680 0.500000 2084.250244 0.000000 0.646744 0.000000 0.762707 1.000000 1.000000 1.000000
4304.186523 0.500000 2087.662109 0.000000 0.646744 0.000000 0.762707 1.000000 1.000000 1.000000
4325.621094 0.500000 1902.759277 0.000000 -0.865986 0.000000 0.500068 1.000000 1.000000 1.000000
4327.313477 0.500000 1899.833374 0.000000 -0.865986 0.000000 0.500068 1.000000 1.000000 1.000000
4329.008301 0.500000 1896.843140 0.000000 -0.865986 0.000000 0.500068 1.000000 1.000000 1.000000
4330.700684 0.500000 1893.916748 0.000000 -0.865986 0.000000 0.500068 1.000000 1.000000 1.000000
4332.400391 0.500000 1890.911011 0.000000 -0.865986 0.000000 0.500068 1.000000 1.000000 1.000000
4334.092773 0.500000 1887.984619 0.000000 -0.865986 0.000000 0.500068 1.000000 1.000000 1.000000
4335.787598 0.500000 1884.995239 0.000000 -0.865986 0.000000 0.500068 1.000000 1.000000 1.000000
4320.091309 0.500000 1852.411255 0.000000 -0.054843 0.000000 0.998495 1.000000 1.000000 1.000000
4316.672852 0.500000 1852.061768 0.000000 -0.054843 0.000000 0.998495 1.000000 1.000000 1.000000
4313.312988 0.500000 1851.688599 0.000000 -0.054843 0.000000 0.998495 1.000000 1.000000 1.000000
4309.876953 0.500000 1851.339844 0.000000 -0.054843 0.000000 0.998495 1.000000 1.000000 1.000000
4306.517090 0.500000 1850.967407 0.000000 -0.054843 0.000000 0.998495 1.000000 1.000000 1.000000
4303.099121 0.500000 1850.617798 0.000000 -0.054843 0.000000 0.998495 1.000000 1.000000 1.000000
4296.393066 0.500000 1849.882446 0.000000 -0.054843 0.000000 0.998495 1.000000 1.000000 1.000000
4299.739258 0.500000 1850.244141 0.000000 -0.054843 0.000000 0.998495 1.000000 1.000000 1.000000
4289.234863 0.500000 1901.835083 0.000000 -0.525795 0.000000 0.850611 1.000000 1.000000 1.000000
4287.726562 0.500000 1898.809814 0.000000 -0.525795 0.000000 0.850611 1.000000 1.000000 1.000000
4286.166016 0.500000 1895.747681 0.000000 -0.525795 0.000000 0.850611 1.000000 1.000000 1.000000
4284.657227 0.500000 1892.722656 0.000000 -0.525795 0.000000 0.850611 1.000000 1.000000 1.000000
4283.086914 0.500000 1889.646973 0.000000 -0.525795 0.000000 0.850611 1.000000 1.000000 1.000000
4281.577637 0.500000 1886.622192 0.000000 -0.525795 0.000000 0.850611 1.000000 1.000000 1.000000
4280.017578 0.500000 1883.560913 0.000000 -0.525795 0.000000 0.850611 1.000000 1.000000 1.000000
4276.998535 0.500000 1877.528320 0.000000 -0.525795 0.000000 0.850611 1.000000 1.000000 1.000000
4278.509277 0.500000 1880.535645 0.000000 -0.525795 0.000000 0.850611 1.000000 1.000000 1.000000
4269.330566 0.500000 1935.630737 0.000000 0.003052 0.000000 0.999995 1.000000 1.000000 1.000000
4265.950195 0.500000 1935.648071 0.000000 0.003052 0.000000 0.999995 1.000000 1.000000 1.000000
4262.513672 0.500000 1935.695923 0.000000 0.003052 0.000000 0.999995 1.000000 1.000000 1.000000
4259.133301 0.500000 1935.713867 0.000000 0.003052 0.000000 0.999995 1.000000 1.000000 1.000000
4255.680176 0.500000 1935.764771 0.000000 0.003052 0.000000 0.999995 1.000000 1.000000 1.000000
4252.299805 0.500000 1935.783081 0.000000 0.003052 0.000000 0.999995 1.000000 1.000000 1.000000
4248.864258 0.500000 1935.830933 0.000000 0.003052 0.000000 0.999995 1.000000 1.000000 1.000000
4238.756836 0.500000 1935.907593 0.000000 0.003052 0.000000 0.999995 1.000000 1.000000 1.000000
4242.118652 0.500000 1935.875366 0.000000 0.003052 0.000000 0.999995 1.000000 1.000000 1.000000
4245.483887 0.500000 1935.848022 0.000000 0.003052 0.000000 0.999995 1.000000 1.000000 1.000000
4235.406738 0.500000 1935.895874 0.000000 0.003052 0.000000 0.999995 1.000000 1.000000 1.000000
4232.025879 0.500000 1935.913208 0.000000 0.003052 0.000000 0.999995 1.000000 1.000000 1.000000
4228.589844 0.500000 1935.961060 0.000000 0.003052 0.000000 0.999995 1.000000 1.000000 1.000000
4225.134766 0.500000 1935.988892 0.000000 0.003052 0.000000 0.999995 1.000000 1.000000 1.000000
3698.304443 0.500000 2203.195557 0.000000 0.855739 0.000000 0.517408 1.000000 1.000000 1.000000
3699.871826 0.500000 2206.190430 0.000000 0.855739 0.000000 0.517408 1.000000 1.000000 1.000000
3701.492676 0.500000 2209.221436 0.000000 0.855739 0.000000 0.517408 1.000000 1.000000 1.000000
3703.060303 0.500000 2212.215820 0.000000 0.855739 0.000000 0.517408 1.000000 1.000000 1.000000
3704.691406 0.500000 2215.260254 0.000000 0.855739 0.000000 0.517408 1.000000 1.000000 1.000000
3706.259521 0.500000 2218.254639 0.000000 0.855739 0.000000 0.517408 1.000000 1.000000 1.000000
3707.880127 0.500000 2221.284912 0.000000 0.855739 0.000000 0.517408 1.000000 1.000000 1.000000
3712.588867 0.500000 2230.228516 0.000000 0.855739 0.000000 0.517408 1.000000 1.000000 1.000000
3711.016846 0.500000 2227.256592 0.000000 0.855739 0.000000 0.517408 1.000000 1.000000 1.000000
3709.447510 0.500000 2224.280029 0.000000 0.855739 0.000000 0.517408 1.000000 1.000000 1.000000
3714.116699 0.500000 2233.209961 0.000000 0.855739 0.000000 0.517408 1.000000 1.000000 1.000000
3715.684326 0.500000 2236.205566 0.000000 0.855739 0.000000 0.517408 1.000000 1.000000 1.000000
3717.304932 0.500000 2239.235596 0.000000 0.855739 0.000000 0.517408 1.000000 1.000000 1.000000
3718.916016 0.500000 2242.292480 0.000000 0.855739 0.000000 0.517408 1.000000 1.000000 1.000000
3720.484131 0.500000 2245.286865 0.000000 0.855739 0.000000 0.517408 1.000000 1.000000 1.000000
3722.104980 0.500000 2248.317627 0.000000 0.855739 0.000000 0.517408 1.000000 1.000000 1.000000
3723.672363 0.500000 2251.312012 0.000000 0.855739 0.000000 0.517408 1.000000 1.000000 1.000000
3725.303711 0.500000 2254.356445 0.000000 0.855739 0.000000 0.517408 1.000000 1.000000 1.000000
4057.236572 0.500000 2249.339844 0.000000 0.999937 0.000000 0.011257 1.000000 1.000000 1.000000
4053.874023 0.500000 2249.276123 0.000000 0.999937 0.000000 0.011257 1.000000 1.000000 1.000000
4050.510986 0.500000 2249.206543 0.000000 0.999937 0.000000 0.011257 1.000000 1.000000 1.000000
4060.585205 0.500000 2249.447754 0.000000 0.999937 0.000000 0.011257 1.000000 1.000000 1.000000
4063.964111 0.500000 2249.527344 0.000000 0.999937 0.000000 0.011257 1.000000 1.000000 1.000000
4067.400635 0.500000 2249.576660 0.000000 0.999937 0.000000 0.011257 1.000000 1.000000 1.000000
4070.854980 0.500000 2249.648682 0.000000 0.999937 0.000000 0.011257 1.000000 1.000000 1.000000
4074.234863 0.500000 2249.727539 0.000000 0.999937 0.000000 0.011257 1.000000 1.000000 1.000000
3707.627686 0.500000 2691.101318 0.000000 0.929642 0.000000 -0.368462 1.000000 1.000000 1.000000
3710.092773 0.500000 2688.788330 0.000000 0.929642 0.000000 -0.368462 1.000000 1.000000 1.000000
3712.578125 0.500000 2686.414062 0.000000 0.929642 0.000000 -0.368462 1.000000 1.000000 1.000000
3715.041992 0.500000 2684.099854 0.000000 0.929642 0.000000 -0.368462 1.000000 1.000000 1.000000
3717.536621 0.500000 2681.711914 0.000000 0.929642 0.000000 -0.368462 1.000000 1.000000 1.000000
3720.001465 0.500000 2679.397949 0.000000 0.929642 0.000000 -0.368462 1.000000 1.000000 1.000000
3652.332031 0.500000 2760.762939 0.000000 0.879344 0.000000 -0.476185 1.000000 1.000000 1.000000
3654.182129 0.500000 2757.934326 0.000000 0.879344 0.000000 -0.476185 1.000000 1.000000 1.000000
3656.037842 0.500000 2755.041016 0.000000 0.879344 0.000000 -0.476185 1.000000 1.000000 1.000000
3657.887451 0.500000 2752.211670 0.000000 0.879344 0.000000 -0.476185 1.000000 1.000000 1.000000
3659.749023 0.500000 2749.302979 0.000000 0.879344 0.000000 -0.476185 1.000000 1.000000 1.000000
3661.599121 0.500000 2746.473389 0.000000 0.879344 0.000000 -0.476185 1.000000 1.000000 1.000000
3663.454102 0.500000 2743.580566 0.000000 0.879344 0.000000 -0.476185 1.000000 1.000000 1.000000
3623.756348 0.500000 2712.789307 0.000000 0.999949 0.000000 0.010036 1.000000 1.000000 1.000000
3627.135498 0.500000 2712.860840 0.000000 0.999949 0.000000 0.010036 1.000000 1.000000 1.000000
3630.572266 0.500000 2712.902588 0.000000 0.999949 0.000000 0.010036 1.000000 1.000000 1.000000
3633.951904 0.500000 2712.973145 0.000000 0.999949 0.000000 0.010036 1.000000 1.000000 1.000000
3637.405273 0.500000 2713.011963 0.000000 0.999949 0.000000 0.010036 1.000000 1.000000 1.000000
3640.785156 0.500000 2713.083008 0.000000 0.999949 0.000000 0.010036 1.000000 1.000000 1.000000
3644.221436 0.500000 2713.124512 0.000000 0.999949 0.000000 0.010036 1.000000 1.000000 1.000000
3771.683838 0.500000 2657.963379 0.000000 0.999073 0.000000 -0.043052 1.000000 1.000000 1.000000
3768.334717 0.500000 2658.265137 0.000000 0.999073 0.000000 -0.043052 1.000000 1.000000 1.000000
3719.626221 0.500000 2718.867188 0.000000 0.997741 0.000000 0.067175 1.000000 1.000000 1.000000
3775.024414 0.500000 2657.708252 0.000000 0.999073 0.000000 -0.043052 1.000000 1.000000 1.000000
3778.392090 0.500000 2657.420166 0.000000 0.999073 0.000000 -0.043052 1.000000 1.000000 1.000000
3781.813721 0.500000 2657.097412 0.000000 0.999073 0.000000 -0.043052 1.000000 1.000000 1.000000
3785.255127 0.500000 2656.793945 0.000000 0.999073 0.000000 -0.043052 1.000000 1.000000 1.000000
3788.623291 0.500000 2656.505859 0.000000 0.999073 0.000000 -0.043052 1.000000 1.000000 1.000000
3792.044678 0.500000 2656.182617 0.000000 0.999073 0.000000 -0.043052 1.000000 1.000000 1.000000
3795.413086 0.500000 2655.894531 0.000000 0.999073 0.000000 -0.043052 1.000000 1.000000 1.000000
3798.851318 0.500000 2655.568115 0.000000 0.999073 0.000000 -0.043052 1.000000 1.000000 1.000000
3514.993164 0.500000 2592.316162 0.000000 0.877599 0.000000 0.479395 1.000000 1.000000 1.000000
3516.817383 0.500000 2595.161865 0.000000 0.877599 0.000000 0.479395 1.000000 1.000000 1.000000
3518.697754 0.500000 2598.038574 0.000000 0.877599 0.000000 0.479395 1.000000 1.000000 1.000000
3520.522217 0.500000 2600.884766 0.000000 0.877599 0.000000 0.479395 1.000000 1.000000 1.000000
3522.412842 0.500000 2603.774414 0.000000 0.877599 0.000000 0.479395 1.000000 1.000000 1.000000
3698.715088 0.500000 2745.346191 0.000000 0.857298 0.000000 0.514820 1.000000 1.000000 1.000000
3700.300781 0.500000 2748.331787 0.000000 0.857298 0.000000 0.514820 1.000000 1.000000 1.000000
3701.939941 0.500000 2751.351807 0.000000 0.857298 0.000000 0.514820 1.000000 1.000000 1.000000
3703.569336 0.500000 2754.398682 0.000000 0.857298 0.000000 0.514820 1.000000 1.000000 1.000000
3705.155273 0.500000 2757.383789 0.000000 0.857298 0.000000 0.514820 1.000000 1.000000 1.000000
3706.794678 0.500000 2760.404297 0.000000 0.857298 0.000000 0.514820 1.000000 1.000000 1.000000
3708.380859 0.500000 2763.389893 0.000000 0.857298 0.000000 0.514820 1.000000 1.000000 1.000000
3710.029541 0.500000 2766.424072 0.000000 0.857298 0.000000 0.514820 1.000000 1.000000 1.000000
3716.292236 0.500000 2718.428711 0.000000 0.997741 0.000000 0.067175 1.000000 1.000000 1.000000
3647.601074 0.500000 2713.195557 0.000000 0.999949 0.000000 0.010036 1.000000 1.000000 1.000000
3722.941895 0.500000 2719.348877 0.000000 0.997741 0.000000 0.067175 1.000000 1.000000 1.000000
3726.291260 0.500000 2719.805176 0.000000 0.997741 0.000000 0.067175 1.000000 1.000000 1.000000
3729.700439 0.500000 2720.238525 0.000000 0.997741 0.000000 0.067175 1.000000 1.000000 1.000000
3733.124756 0.500000 2720.695312 0.000000 0.997741 0.000000 0.067175 1.000000 1.000000 1.000000
3736.474365 0.500000 2721.151123 0.000000 0.997741 0.000000 0.067175 1.000000 1.000000 1.000000
3739.883545 0.500000 2721.584473 0.000000 0.997741 0.000000 0.067175 1.000000 1.000000 1.000000
3743.233398 0.500000 2722.040283 0.000000 0.997741 0.000000 0.067175 1.000000 1.000000 1.000000
3746.659668 0.500000 2722.473877 0.000000 0.997741 0.000000 0.067175 1.000000 1.000000 1.000000
3620.343750 0.500000 2458.956055 0.000000 0.379431 0.000000 -0.925219 1.000000 1.000000 1.000000
3617.938965 0.500000 2456.580322 0.000000 0.379431 0.000000 -0.925219 1.000000 1.000000 1.000000
3615.472656 0.500000 2454.187500 0.000000 0.379431 0.000000 -0.925219 1.000000 1.000000 1.000000
3613.007568 0.500000 2451.766113 0.000000 0.379431 0.000000 -0.925219 1.000000 1.000000 1.000000
3610.603516 0.500000 2449.390625 0.000000 0.379431 0.000000 -0.925219 1.000000 1.000000 1.000000
3608.136230 0.500000 2446.997070 0.000000 0.379431 0.000000 -0.925219 1.000000 1.000000 1.000000
3668.816895 0.500000 2512.280762 0.000000 0.416689 0.000000 -0.909048 1.000000 1.000000 1.000000
3666.612793 0.500000 2509.718018 0.000000 0.416689 0.000000 -0.909048 1.000000 1.000000 1.000000
3664.348633 0.500000 2507.132568 0.000000 0.416689 0.000000 -0.909048 1.000000 1.000000 1.000000
3662.088135 0.500000 2504.519287 0.000000 0.416689 0.000000 -0.909048 1.000000 1.000000 1.000000
3659.884766 0.500000 2501.956543 0.000000 0.416689 0.000000 -0.909048 1.000000 1.000000 1.000000
3657.619629 0.500000 2499.370850 0.000000 0.416689 0.000000 -0.909048 1.000000 1.000000 1.000000
3593.503662 0.500000 2553.458984 0.000000 0.862964 0.000000 0.505265 1.000000 1.000000 1.000000
3595.209473 0.500000 2556.442139 0.000000 0.862964 0.000000 0.505265 1.000000 1.000000 1.000000
3596.906738 0.500000 2559.452148 0.000000 0.862964 0.000000 0.505265 1.000000 1.000000 1.000000
3598.557129 0.500000 2562.401367 0.000000 0.862964 0.000000 0.505265 1.000000 1.000000 1.000000
3656.470215 0.500000 2569.869873 0.000000 0.927741 0.000000 -0.373224 1.000000 1.000000 1.000000
3658.911133 0.500000 2567.531250 0.000000 0.927741 0.000000 -0.373224 1.000000 1.000000 1.000000
3661.371094 0.500000 2565.131592 0.000000 0.927741 0.000000 -0.373224 1.000000 1.000000 1.000000
3663.859131 0.500000 2562.733643 0.000000 0.927741 0.000000 -0.373224 1.000000 1.000000 1.000000
3666.299805 0.500000 2560.395996 0.000000 0.927741 0.000000 -0.373224 1.000000 1.000000 1.000000
3600.006592 0.500000 2679.195557 0.000000 0.800294 0.000000 -0.599607 1.000000 1.000000 1.000000
3600.959473 0.500000 2675.952148 0.000000 0.800294 0.000000 -0.599607 1.000000 1.000000 1.000000
3601.897949 0.500000 2672.646484 0.000000 0.800294 0.000000 -0.599607 1.000000 1.000000 1.000000
3602.862061 0.500000 2669.328369 0.000000 0.800294 0.000000 -0.599607 1.000000 1.000000 1.000000
3603.815186 0.500000 2666.085693 0.000000 0.800294 0.000000 -0.599607 1.000000 1.000000 1.000000
3604.754395 0.500000 2662.779297 0.000000 0.800294 0.000000 -0.599607 1.000000 1.000000 1.000000
3605.707520 0.500000 2659.536133 0.000000 0.800294 0.000000 -0.599607 1.000000 1.000000 1.000000
3606.647949 0.500000 2656.213867 0.000000 0.800294 0.000000 -0.599607 1.000000 1.000000 1.000000
3607.600830 0.500000 2652.969971 0.000000 0.800294 0.000000 -0.599607 1.000000 1.000000 1.000000
3608.539795 0.500000 2649.663818 0.000000 0.800294 0.000000 -0.599607 1.000000 1.000000 1.000000
3693.623291 0.500000 2502.866943 0.000000 0.734114 0.000000 -0.679025 1.000000 1.000000 1.000000
3693.889404 0.500000 2499.497070 0.000000 0.734114 0.000000 -0.679025 1.000000 1.000000 1.000000
3694.128906 0.500000 2496.068848 0.000000 0.734114 0.000000 -0.679025 1.000000 1.000000 1.000000
3694.901367 0.500000 2485.990723 0.000000 0.734114 0.000000 -0.679025 1.000000 1.000000 1.000000
3694.651611 0.500000 2489.344482 0.000000 0.734114 0.000000 -0.679025 1.000000 1.000000 1.000000
3694.395752 0.500000 2492.698975 0.000000 0.734114 0.000000 -0.679025 1.000000 1.000000 1.000000
3695.194092 0.500000 2482.653076 0.000000 0.734114 0.000000 -0.679025 1.000000 1.000000 1.000000
3695.461426 0.500000 2479.283936 0.000000 0.734114 0.000000 -0.679025 1.000000 1.000000 1.000000
3695.701416 0.500000 2475.855469 0.000000 0.734114 0.000000 -0.679025 1.000000 1.000000 1.000000
3695.963867 0.500000 2472.410645 0.000000 0.734114 0.000000 -0.679025 1.000000 1.000000 1.000000
3696.229492 0.500000 2469.040771 0.000000 0.734114 0.000000 -0.679025 1.000000 1.000000 1.000000
3696.469727 0.500000 2465.612061 0.000000 0.734114 0.000000 -0.679025 1.000000 1.000000 1.000000
3696.735840 0.500000 2462.242676 0.000000 0.734114 0.000000 -0.679025 1.000000 1.000000 1.000000
3585.015625 0.500000 2457.717285 0.000000 0.759199 0.000000 -0.650858 1.000000 1.000000 1.000000
3585.535400 0.500000 2454.376221 0.000000 0.759199 0.000000 -0.650858 1.000000 1.000000 1.000000
3580.919434 0.500000 2484.761963 0.000000 0.759199 0.000000 -0.650858 1.000000 1.000000 1.000000
3581.439697 0.500000 2481.422363 0.000000 0.759199 0.000000 -0.650858 1.000000 1.000000 1.000000
3581.937500 0.500000 2478.022217 0.000000 0.759199 0.000000 -0.650858 1.000000 1.000000 1.000000
3582.458740 0.500000 2474.606689 0.000000 0.759199 0.000000 -0.650858 1.000000 1.000000 1.000000
3582.977539 0.500000 2471.266602 0.000000 0.759199 0.000000 -0.650858 1.000000 1.000000 1.000000
3583.475586 0.500000 2467.865479 0.000000 0.759199 0.000000 -0.650858 1.000000 1.000000 1.000000
3583.994629 0.500000 2464.525391 0.000000 0.759199 0.000000 -0.650858 1.000000 1.000000 1.000000
3584.492432 0.500000 2461.107910 0.000000 0.759199 0.000000 -0.650858 1.000000 1.000000 1.000000
3570.606201 0.500000 2680.395020 0.000000 0.877131 0.000000 0.480251 1.000000 1.000000 1.000000
3572.424561 0.500000 2683.245361 0.000000 0.877131 0.000000 0.480251 1.000000 1.000000 1.000000
3554.021973 0.500000 2654.554443 0.000000 0.877131 0.000000 0.480251 1.000000 1.000000 1.000000
3552.199707 0.500000 2651.728516 0.000000 0.877131 0.000000 0.480251 1.000000 1.000000 1.000000
3555.799805 0.500000 2657.395020 0.000000 0.877131 0.000000 0.480251 1.000000 1.000000 1.000000
3557.617188 0.500000 2660.244385 0.000000 0.877131 0.000000 0.480251 1.000000 1.000000 1.000000
3559.491699 0.500000 2663.125000 0.000000 0.877131 0.000000 0.480251 1.000000 1.000000 1.000000
3561.358887 0.500000 2666.032227 0.000000 0.877131 0.000000 0.480251 1.000000 1.000000 1.000000
3563.177734 0.500000 2668.881836 0.000000 0.877131 0.000000 0.480251 1.000000 1.000000 1.000000
3565.051758 0.500000 2671.762695 0.000000 0.877131 0.000000 0.480251 1.000000 1.000000 1.000000
3566.870605 0.500000 2674.612061 0.000000 0.877131 0.000000 0.480251 1.000000 1.000000 1.000000
3568.756836 0.500000 2677.504883 0.000000 0.877131 0.000000 0.480251 1.000000 1.000000 1.000000
3664.430420 0.500000 2681.073242 0.000000 0.860533 0.000000 0.509393 1.000000 1.000000 1.000000
3666.053955 0.500000 2684.039062 0.000000 0.860533 0.000000 0.509393 1.000000 1.000000 1.000000
3644.740723 0.500000 2645.325195 0.000000 0.860533 0.000000 0.509393 1.000000 1.000000 1.000000
3649.615967 0.500000 2654.179443 0.000000 0.860533 0.000000 0.509393 1.000000 1.000000 1.000000
3647.987305 0.500000 2651.237305 0.000000 0.860533 0.000000 0.509393 1.000000 1.000000 1.000000
3646.363770 0.500000 2648.291016 0.000000 0.860533 0.000000 0.509393 1.000000 1.000000 1.000000
3651.198730 0.500000 2657.132324 0.000000 0.860533 0.000000 0.509393 1.000000 1.000000 1.000000
3652.822021 0.500000 2660.097412 0.000000 0.860533 0.000000 0.509393 1.000000 1.000000 1.000000
3654.498779 0.500000 2663.096924 0.000000 0.860533 0.000000 0.509393 1.000000 1.000000 1.000000
3656.166992 0.500000 2666.122803 0.000000 0.860533 0.000000 0.509393 1.000000 1.000000 1.000000
3657.790527 0.500000 2669.087891 0.000000 0.860533 0.000000 0.509393 1.000000 1.000000 1.000000
3659.467773 0.500000 2672.087646 0.000000 0.860533 0.000000 0.509393 1.000000 1.000000 1.000000
3661.091309 0.500000 2675.052490 0.000000 0.860533 0.000000 0.509393 1.000000 1.000000 1.000000
3662.779053 0.500000 2678.065186 0.000000 0.860533 0.000000 0.509393 1.000000 1.000000 1.000000
3711.467041 0.500000 2645.951904 0.000000 0.975187 0.000000 0.221381 1.000000 1.000000 1.000000
3714.514893 0.500000 2647.414551 0.000000 0.975187 0.000000 0.221381 1.000000 1.000000 1.000000
3665.339600 0.500000 2624.004639 0.000000 0.975187 0.000000 0.221381 1.000000 1.000000 1.000000
3668.467773 0.500000 2625.468994 0.000000 0.975187 0.000000 0.221381 1.000000 1.000000 1.000000
3671.515381 0.500000 2626.930908 0.000000 0.975187 0.000000 0.221381 1.000000 1.000000 1.000000
3674.627197 0.500000 2628.389648 0.000000 0.975187 0.000000 0.221381 1.000000 1.000000 1.000000
3683.750244 0.500000 2632.739990 0.000000 0.975187 0.000000 0.221381 1.000000 1.000000 1.000000
3680.711670 0.500000 2631.299316 0.000000 0.975187 0.000000 0.221381 1.000000 1.000000 1.000000
3677.675049 0.500000 2629.852539 0.000000 0.975187 0.000000 0.221381 1.000000 1.000000 1.000000
3686.758545 0.500000 2634.216064 0.000000 0.975187 0.000000 0.221381 1.000000 1.000000 1.000000
3689.805420 0.500000 2635.678955 0.000000 0.975187 0.000000 0.221381 1.000000 1.000000 1.000000
3692.916748 0.500000 2637.137939 0.000000 0.975187 0.000000 0.221381 1.000000 1.000000 1.000000
3696.036133 0.500000 2638.623535 0.000000 0.975187 0.000000 0.221381 1.000000 1.000000 1.000000
3699.084473 0.500000 2640.085938 0.000000 0.975187 0.000000 0.221381 1.000000 1.000000 1.000000
3702.196045 0.500000 2641.545410 0.000000 0.975187 0.000000 0.221381 1.000000 1.000000 1.000000
3705.243652 0.500000 2643.007080 0.000000 0.975187 0.000000 0.221381 1.000000 1.000000 1.000000
3708.371338 0.500000 2644.470947 0.000000 0.975187 0.000000 0.221381 1.000000 1.000000 1.000000
3586.187988 0.500000 2843.141602 0.000000 0.907464 0.000000 0.420130 1.000000 1.000000 1.000000
3588.373047 0.500000 2845.721680 0.000000 0.907464 0.000000 0.420130 1.000000 1.000000 1.000000
3559.733398 0.500000 2812.064941 0.000000 0.907464 0.000000 0.420130 1.000000 1.000000 1.000000
3566.284180 0.500000 2819.762207 0.000000 0.907464 0.000000 0.420130 1.000000 1.000000 1.000000
3564.098877 0.500000 2817.206299 0.000000 0.907464 0.000000 0.420130 1.000000 1.000000 1.000000
3561.917969 0.500000 2814.645020 0.000000 0.907464 0.000000 0.420130 1.000000 1.000000 1.000000
3568.427002 0.500000 2822.338135 0.000000 0.907464 0.000000 0.420130 1.000000 1.000000 1.000000
3570.611328 0.500000 2824.917969 0.000000 0.907464 0.000000 0.420130 1.000000 1.000000 1.000000
3572.855225 0.500000 2827.520508 0.000000 0.907464 0.000000 0.420130 1.000000 1.000000 1.000000
3575.095947 0.500000 2830.150391 0.000000 0.907464 0.000000 0.420130 1.000000 1.000000 1.000000
3577.280762 0.500000 2832.729980 0.000000 0.907464 0.000000 0.420130 1.000000 1.000000 1.000000
3579.525391 0.500000 2835.332764 0.000000 0.907464 0.000000 0.420130 1.000000 1.000000 1.000000
3581.709961 0.500000 2837.911865 0.000000 0.907464 0.000000 0.420130 1.000000 1.000000 1.000000
3583.967529 0.500000 2840.525391 0.000000 0.907464 0.000000 0.420130 1.000000 1.000000 1.000000
3687.075684 0.500000 2856.220215 0.000000 0.915102 0.000000 0.403221 1.000000 1.000000 1.000000
3689.354736 0.500000 2858.717529 0.000000 0.915102 0.000000 0.403221 1.000000 1.000000 1.000000
3657.146484 0.500000 2823.629150 0.000000 0.915102 0.000000 0.403221 1.000000 1.000000 1.000000
3659.486328 0.500000 2826.146484 0.000000 0.915102 0.000000 0.403221 1.000000 1.000000 1.000000
3666.317871 0.500000 2833.595459 0.000000 0.915102 0.000000 0.403221 1.000000 1.000000 1.000000
3664.039551 0.500000 2831.122070 0.000000 0.915102 0.000000 0.403221 1.000000 1.000000 1.000000
3661.764648 0.500000 2828.643799 0.000000 0.915102 0.000000 0.403221 1.000000 1.000000 1.000000
3668.554688 0.500000 2836.090088 0.000000 0.915102 0.000000 0.403221 1.000000 1.000000 1.000000
3670.833252 0.500000 2838.586914 0.000000 0.915102 0.000000 0.403221 1.000000 1.000000 1.000000
3673.172119 0.500000 2841.104248 0.000000 0.915102 0.000000 0.403221 1.000000 1.000000 1.000000
3675.509033 0.500000 2843.649414 0.000000 0.915102 0.000000 0.403221 1.000000 1.000000 1.000000
3677.788086 0.500000 2846.146240 0.000000 0.915102 0.000000 0.403221 1.000000 1.000000 1.000000
3680.127441 0.500000 2848.664307 0.000000 0.915102 0.000000 0.403221 1.000000 1.000000 1.000000
3682.406250 0.500000 2851.160400 0.000000 0.915102 0.000000 0.403221 1.000000 1.000000 1.000000
3684.759277 0.500000 2853.688232 0.000000 0.915102 0.000000 0.403221 1.000000 1.000000 1.000000
4037.166748 0.500000 2315.235352 0.000000 0.934495 0.000000 -0.355975 1.000000 1.000000 1.000000
4039.741455 0.500000 2312.931641 0.000000 0.934495 0.000000 -0.355975 1.000000 1.000000 1.000000
4042.267090 0.500000 2310.684570 0.000000 0.934495 0.000000 -0.355975 1.000000 1.000000 1.000000
4044.814697 0.500000 2308.378174 0.000000 0.934495 0.000000 -0.355975 1.000000 1.000000 1.000000
4047.340088 0.500000 2306.131836 0.000000 0.934495 0.000000 -0.355975 1.000000 1.000000 1.000000
4049.898438 0.500000 2303.811035 0.000000 0.934495 0.000000 -0.355975 1.000000 1.000000 1.000000
4052.424072 0.500000 2301.564697 0.000000 0.934495 0.000000 -0.355975 1.000000 1.000000 1.000000
4054.970703 0.500000 2299.257080 0.000000 0.934495 0.000000 -0.355975 1.000000 1.000000 1.000000
4062.506592 0.500000 2292.521484 0.000000 0.934495 0.000000 -0.355975 1.000000 1.000000 1.000000
4060.004883 0.500000 2294.768066 0.000000 0.934495 0.000000 -0.355975 1.000000 1.000000 1.000000
4057.497070 0.500000 2297.010986 0.000000 0.934495 0.000000 -0.355975 1.000000 1.000000 1.000000
4065.029785 0.500000 2290.317139 0.000000 0.934495 0.000000 -0.355975 1.000000 1.000000 1.000000
4067.555664 0.500000 2288.070557 0.000000 0.934495 0.000000 -0.355975 1.000000 1.000000 1.000000
4070.102539 0.500000 2285.764160 0.000000 0.934495 0.000000 -0.355975 1.000000 1.000000 1.000000
4072.677979 0.500000 2283.459961 0.000000 0.934495 0.000000 -0.355975 1.000000 1.000000 1.000000
4075.203369 0.500000 2281.212891 0.000000 0.934495 0.000000 -0.355975 1.000000 1.000000 1.000000
4077.750977 0.500000 2278.906494 0.000000 0.934495 0.000000 -0.355975 1.000000 1.000000 1.000000
4080.276123 0.500000 2276.659424 0.000000 0.934495 0.000000 -0.355975 1.000000 1.000000 1.000000
4082.834229 0.500000 2274.339355 0.000000 0.934495 0.000000 -0.355975 1.000000 1.000000 1.000000
3751.104004 0.500000 2612.822754 0.000000 0.628573 0.000000 0.777749 1.000000 1.000000 1.000000
3750.409668 0.500000 2616.189453 0.000000 0.628573 0.000000 0.777749 1.000000 1.000000 1.000000
3749.697510 0.500000 2619.493408 0.000000 0.628573 0.000000 0.777749 1.000000 1.000000 1.000000
3749.002930 0.500000 2622.876465 0.000000 0.628573 0.000000 0.777749 1.000000 1.000000 1.000000
3748.290771 0.500000 2626.180908 0.000000 0.628573 0.000000 0.777749 1.000000 1.000000 1.000000
3870.493408 0.500000 2294.805420 0.000000 0.045944 0.000000 0.998943 1.000000 1.000000 1.000000
3867.154297 0.500000 2295.081299 0.000000 0.045944 0.000000 0.998943 1.000000 1.000000 1.000000
3863.787842 0.500000 2295.387695 0.000000 0.045944 0.000000 0.998943 1.000000 1.000000 1.000000
3860.368896 0.500000 2295.730469 0.000000 0.045944 0.000000 0.998943 1.000000 1.000000 1.000000
3856.928711 0.500000 2296.053955 0.000000 0.045944 0.000000 0.998943 1.000000 1.000000 1.000000
3853.562012 0.500000 2296.362305 0.000000 0.045944 0.000000 0.998943 1.000000 1.000000 1.000000
3850.142578 0.500000 2296.704590 0.000000 0.045944 0.000000 0.998943 1.000000 1.000000 1.000000
3846.776611 0.500000 2297.011963 0.000000 0.045944 0.000000 0.998943 1.000000 1.000000 1.000000
3843.339844 0.500000 2297.359131 0.000000 0.045944 0.000000 0.998943 1.000000 1.000000 1.000000
3747.596680 0.500000 2629.546631 0.000000 0.628573 0.000000 0.777749 1.000000 1.000000 1.000000
3746.884277 0.500000 2632.851074 0.000000 0.628573 0.000000 0.777749 1.000000 1.000000 1.000000
4108.041992 0.500000 2293.574951 0.000000 0.735688 0.000000 -0.677320 1.000000 1.000000 1.000000
4108.296387 0.500000 2290.130859 0.000000 0.735688 0.000000 -0.677320 1.000000 1.000000 1.000000
4108.578125 0.500000 2286.761719 0.000000 0.735688 0.000000 -0.677320 1.000000 1.000000 1.000000
4072.733154 0.500000 2332.220459 0.000000 -0.078297 0.000000 -0.996930 1.000000 1.000000 1.000000
4069.326904 0.500000 2332.789307 0.000000 -0.078297 0.000000 -0.996930 1.000000 1.000000 1.000000
4065.986572 0.500000 2333.314209 0.000000 -0.078297 0.000000 -0.996930 1.000000 1.000000 1.000000
4062.596924 0.500000 2333.878174 0.000000 -0.078297 0.000000 -0.996930 1.000000 1.000000 1.000000
4052.614990 0.500000 2335.470703 0.000000 -0.078297 0.000000 -0.996930 1.000000 1.000000 1.000000
4055.934814 0.500000 2334.933594 0.000000 -0.078297 0.000000 -0.996930 1.000000 1.000000 1.000000
4059.256836 0.500000 2334.401855 0.000000 -0.078297 0.000000 -0.996930 1.000000 1.000000 1.000000
4049.301270 0.500000 2335.961670 0.000000 -0.078297 0.000000 -0.996930 1.000000 1.000000 1.000000
4045.961426 0.500000 2336.485840 0.000000 -0.078297 0.000000 -0.996930 1.000000 1.000000 1.000000
3708.565918 0.500000 2286.253906 0.000000 0.997566 0.000000 -0.069711 1.000000 1.000000 1.000000
3608.764893 0.500000 2304.194824 0.000000 0.991587 0.000000 -0.129431 1.000000 1.000000 1.000000
3612.033203 0.500000 2303.330078 0.000000 0.991587 0.000000 -0.129431 1.000000 1.000000 1.000000
3565.465088 0.500000 2276.794434 0.000000 0.589715 0.000000 0.807610 1.000000 1.000000 1.000000
3564.442871 0.500000 2280.093262 0.000000 0.589715 0.000000 0.807610 1.000000 1.000000 1.000000
3563.410889 0.500000 2283.312500 0.000000 0.589715 0.000000 0.807610 1.000000 1.000000 1.000000
3562.390625 0.500000 2286.593994 0.000000 0.589715 0.000000 0.807610 1.000000 1.000000 1.000000
3561.357910 0.500000 2289.812988 0.000000 0.589715 0.000000 0.807610 1.000000 1.000000 1.000000
3597.676025 0.500000 2264.583496 0.000000 0.962020 0.000000 0.272976 1.000000 1.000000 1.000000
3600.630859 0.500000 2266.371582 0.000000 0.962020 0.000000 0.272976 1.000000 1.000000 1.000000
3603.506104 0.500000 2268.149414 0.000000 0.962020 0.000000 0.272976 1.000000 1.000000 1.000000
3606.444580 0.500000 2269.930908 0.000000 0.962020 0.000000 0.272976 1.000000 1.000000 1.000000
3615.053711 0.500000 2275.227051 0.000000 0.962020 0.000000 0.272976 1.000000 1.000000 1.000000
3681.489746 0.500000 2290.141113 0.000000 0.997566 0.000000 -0.069711 1.000000 1.000000 1.000000
3684.837402 0.500000 2289.674316 0.000000 0.997566 0.000000 -0.069711 1.000000 1.000000 1.000000
3688.236816 0.500000 2289.169434 0.000000 0.997566 0.000000 -0.069711 1.000000 1.000000 1.000000
3691.657471 0.500000 2288.682373 0.000000 0.997566 0.000000 -0.069711 1.000000 1.000000 1.000000
3695.005371 0.500000 2288.214355 0.000000 0.997566 0.000000 -0.069711 1.000000 1.000000 1.000000
3698.404541 0.500000 2287.709229 0.000000 0.997566 0.000000 -0.069711 1.000000 1.000000 1.000000
3701.752930 0.500000 2287.242432 0.000000 0.997566 0.000000 -0.069711 1.000000 1.000000 1.000000
3705.168457 0.500000 2286.731934 0.000000 0.997566 0.000000 -0.069711 1.000000 1.000000 1.000000
3612.186035 0.500000 2273.471191 0.000000 0.962020 0.000000 0.272976 1.000000 1.000000 1.000000
3609.319824 0.500000 2271.709473 0.000000 0.962020 0.000000 0.272976 1.000000 1.000000 1.000000
3582.348877 0.500000 2311.296875 0.000000 0.991587 0.000000 -0.129431 1.000000 1.000000 1.000000
3585.616699 0.500000 2310.432617 0.000000 0.991587 0.000000 -0.129431 1.000000 1.000000 1.000000
3588.931152 0.500000 2309.524170 0.000000 0.991587 0.000000 -0.129431 1.000000 1.000000 1.000000
3592.268555 0.500000 2308.630859 0.000000 0.991587 0.000000 -0.129431 1.000000 1.000000 1.000000
3595.536621 0.500000 2307.765381 0.000000 0.991587 0.000000 -0.129431 1.000000 1.000000 1.000000
3598.850830 0.500000 2306.856934 0.000000 0.991587 0.000000 -0.129431 1.000000 1.000000 1.000000
3602.119141 0.500000 2305.992188 0.000000 0.991587 0.000000 -0.129431 1.000000 1.000000 1.000000
3605.448730 0.500000 2305.076416 0.000000 0.991587 0.000000 -0.129431 1.000000 1.000000 1.000000
3712.066895 0.500000 2399.356934 0.000000 0.836333 0.000000 -0.548220 1.000000 1.000000 1.000000
3716.084961 0.500000 2390.082520 0.000000 0.836333 0.000000 -0.548220 1.000000 1.000000 1.000000
3714.754883 0.500000 2393.170654 0.000000 0.836333 0.000000 -0.548220 1.000000 1.000000 1.000000
3713.418945 0.500000 2396.258789 0.000000 0.836333 0.000000 -0.548220 1.000000 1.000000 1.000000
3661.421875 0.500000 2460.962158 0.000000 0.941864 0.000000 -0.335989 1.000000 1.000000 1.000000
3669.238037 0.500000 2454.553467 0.000000 0.941864 0.000000 -0.335989 1.000000 1.000000 1.000000
3666.642334 0.500000 2456.690918 0.000000 0.941864 0.000000 -0.335989 1.000000 1.000000 1.000000
3664.041504 0.500000 2458.825439 0.000000 0.941864 0.000000 -0.335989 1.000000 1.000000 1.000000
3671.852295 0.500000 2452.458252 0.000000 0.941864 0.000000 -0.335989 1.000000 1.000000 1.000000
3674.471436 0.500000 2450.321777 0.000000 0.941864 0.000000 -0.335989 1.000000 1.000000 1.000000
3735.071533 0.500000 2459.369873 0.000000 0.940330 0.000000 0.340260 1.000000 1.000000 1.000000
3737.667725 0.500000 2461.535645 0.000000 0.940330 0.000000 0.340260 1.000000 1.000000 1.000000
3724.507080 0.500000 2450.644775 0.000000 0.940330 0.000000 0.340260 1.000000 1.000000 1.000000
3727.165771 0.500000 2452.822510 0.000000 0.940330 0.000000 0.340260 1.000000 1.000000 1.000000
3729.760986 0.500000 2454.988281 0.000000 0.940330 0.000000 0.340260 1.000000 1.000000 1.000000
3732.434326 0.500000 2457.174805 0.000000 0.940330 0.000000 0.340260 1.000000 1.000000 1.000000
4011.569580 0.500000 2298.074463 0.000000 0.669761 0.000000 0.742576 1.000000 1.000000 1.000000
4011.218994 0.500000 2301.437256 0.000000 0.669761 0.000000 0.742576 1.000000 1.000000 1.000000
4013.273926 0.500000 2281.076904 0.000000 0.669761 0.000000 0.742576 1.000000 1.000000 1.000000
4012.923340 0.500000 2284.439941 0.000000 0.669761 0.000000 0.742576 1.000000 1.000000 1.000000
4012.596924 0.500000 2287.861084 0.000000 0.669761 0.000000 0.742576 1.000000 1.000000 1.000000
4012.246582 0.500000 2291.222900 0.000000 0.669761 0.000000 0.742576 1.000000 1.000000 1.000000
4011.920898 0.500000 2294.661133 0.000000 0.669761 0.000000 0.742576 1.000000 1.000000 1.000000
4231.454590 0.500000 2329.073975 0.000000 0.928785 0.000000 -0.370617 1.000000 1.000000 1.000000
4233.909180 0.500000 2326.750244 0.000000 0.928785 0.000000 -0.370617 1.000000 1.000000 1.000000
4236.381836 0.500000 2324.363770 0.000000 0.928785 0.000000 -0.370617 1.000000 1.000000 1.000000
4238.882812 0.500000 2321.980713 0.000000 0.928785 0.000000 -0.370617 1.000000 1.000000 1.000000
4241.337891 0.500000 2319.654297 0.000000 0.928785 0.000000 -0.370617 1.000000 1.000000 1.000000
4243.812012 0.500000 2317.269043 0.000000 0.928785 0.000000 -0.370617 1.000000 1.000000 1.000000
4246.265625 0.500000 2314.944580 0.000000 0.928785 0.000000 -0.370617 1.000000 1.000000 1.000000
4248.749023 0.500000 2312.544922 0.000000 0.928785 0.000000 -0.370617 1.000000 1.000000 1.000000
4300.666016 0.500000 2242.046143 0.000000 0.513305 0.000000 0.858205 1.000000 1.000000 1.000000
4299.063477 0.500000 2245.023193 0.000000 0.513305 0.000000 0.858205 1.000000 1.000000 1.000000
4305.496582 0.500000 2232.988525 0.000000 0.513305 0.000000 0.858205 1.000000 1.000000 1.000000
4303.895508 0.500000 2235.964111 0.000000 0.513305 0.000000 0.858205 1.000000 1.000000 1.000000
4302.288086 0.500000 2239.021973 0.000000 0.513305 0.000000 0.858205 1.000000 1.000000 1.000000
4242.509766 0.500000 2252.894287 0.000000 0.938088 0.000000 0.346394 1.000000 1.000000 1.000000
4245.077148 0.500000 2255.094482 0.000000 0.938088 0.000000 0.346394 1.000000 1.000000 1.000000
4232.060547 0.500000 2244.031982 0.000000 0.938088 0.000000 0.346394 1.000000 1.000000 1.000000
4234.689453 0.500000 2246.244873 0.000000 0.938088 0.000000 0.346394 1.000000 1.000000 1.000000
4237.255859 0.500000 2248.443115 0.000000 0.938088 0.000000 0.346394 1.000000 1.000000 1.000000
4239.900879 0.500000 2250.665039 0.000000 0.938088 0.000000 0.346394 1.000000 1.000000 1.000000
4166.786621 0.500000 2233.787354 0.000000 0.990089 0.000000 -0.140438 1.000000 1.000000 1.000000
4170.035156 0.500000 2232.850586 0.000000 0.990089 0.000000 -0.140438 1.000000 1.000000 1.000000
4147.075195 0.500000 2239.556152 0.000000 0.990089 0.000000 -0.140438 1.000000 1.000000 1.000000
4150.391602 0.500000 2238.588867 0.000000 0.990089 0.000000 -0.140438 1.000000 1.000000 1.000000
4153.641113 0.500000 2237.650879 0.000000 0.990089 0.000000 -0.140438 1.000000 1.000000 1.000000
4156.934570 0.500000 2236.669434 0.000000 0.990089 0.000000 -0.140438 1.000000 1.000000 1.000000
4160.181152 0.500000 2235.732422 0.000000 0.990089 0.000000 -0.140438 1.000000 1.000000 1.000000
4163.490234 0.500000 2234.743164 0.000000 0.990089 0.000000 -0.140438 1.000000 1.000000 1.000000
3950.897217 0.500000 2312.100830 0.000000 0.969357 0.000000 0.245655 1.000000 1.000000 1.000000
3947.934814 0.500000 2310.509521 0.000000 0.969357 0.000000 0.245655 1.000000 1.000000 1.000000
3953.828125 0.500000 2313.723877 0.000000 0.969357 0.000000 0.245655 1.000000 1.000000 1.000000
3956.797852 0.500000 2315.336914 0.000000 0.969357 0.000000 0.245655 1.000000 1.000000 1.000000
3959.833008 0.500000 2316.949707 0.000000 0.969357 0.000000 0.245655 1.000000 1.000000 1.000000
3962.874023 0.500000 2318.588623 0.000000 0.969357 0.000000 0.245655 1.000000 1.000000 1.000000
3965.845947 0.500000 2320.201660 0.000000 0.969357 0.000000 0.245655 1.000000 1.000000 1.000000
3968.880371 0.500000 2321.814453 0.000000 0.969357 0.000000 0.245655 1.000000 1.000000 1.000000
3971.851318 0.500000 2323.427002 0.000000 0.969357 0.000000 0.245655 1.000000 1.000000 1.000000
3953.435059 0.500000 2274.175293 0.000000 0.187483 0.000000 0.982268 1.000000 1.000000 1.000000
3950.290527 0.500000 2275.417725 0.000000 0.187483 0.000000 0.982268 1.000000 1.000000 1.000000
3981.961914 0.500000 2262.818604 0.000000 0.187483 0.000000 0.982268 1.000000 1.000000 1.000000
3985.083252 0.500000 2261.568848 0.000000 0.187483 0.000000 0.982268 1.000000 1.000000 1.000000
3988.209473 0.500000 2260.324463 0.000000 0.187483 0.000000 0.982268 1.000000 1.000000 1.000000
3978.834961 0.500000 2264.022949 0.000000 0.187483 0.000000 0.982268 1.000000 1.000000 1.000000
3975.691406 0.500000 2265.264404 0.000000 0.187483 0.000000 0.982268 1.000000 1.000000 1.000000
3972.506836 0.500000 2266.555664 0.000000 0.187483 0.000000 0.982268 1.000000 1.000000 1.000000
3969.297119 0.500000 2267.834229 0.000000 0.187483 0.000000 0.982268 1.000000 1.000000 1.000000
3966.153076 0.500000 2269.077148 0.000000 0.187483 0.000000 0.982268 1.000000 1.000000 1.000000
3962.968018 0.500000 2270.368164 0.000000 0.187483 0.000000 0.982268 1.000000 1.000000 1.000000
3959.824219 0.500000 2271.610352 0.000000 0.187483 0.000000 0.982268 1.000000 1.000000 1.000000
3956.625000 0.500000 2272.910645 0.000000 0.187483 0.000000 0.982268 1.000000 1.000000 1.000000
4136.875977 0.500000 2335.470947 0.000000 0.990535 0.000000 0.137256 1.000000 1.000000 1.000000
4140.127441 0.500000 2336.393066 0.000000 0.990535 0.000000 0.137256 1.000000 1.000000 1.000000
4143.442871 0.500000 2337.300537 0.000000 0.990535 0.000000 0.137256 1.000000 1.000000 1.000000
4146.769531 0.500000 2338.233887 0.000000 0.990535 0.000000 0.137256 1.000000 1.000000 1.000000
4150.020508 0.500000 2339.155518 0.000000 0.990535 0.000000 0.137256 1.000000 1.000000 1.000000
4153.336426 0.500000 2340.064209 0.000000 0.990535 0.000000 0.137256 1.000000 1.000000 1.000000
4156.587891 0.500000 2340.986328 0.000000 0.990535 0.000000 0.137256 1.000000 1.000000 1.000000
4159.919434 0.500000 2341.895996 0.000000 0.990535 0.000000 0.137256 1.000000 1.000000 1.000000
4163.172363 0.500000 2342.818115 0.000000 0.990535 0.000000 0.137256 1.000000 1.000000 1.000000
4166.486816 0.500000 2343.725830 0.000000 0.990535 0.000000 0.137256 1.000000 1.000000 1.000000
4169.738281 0.500000 2344.648926 0.000000 0.990535 0.000000 0.137256 1.000000 1.000000 1.000000
4287.069824 0.500000 2211.646484 0.000000 0.997836 0.000000 -0.065753 1.000000 1.000000 1.000000
4290.422363 0.500000 2211.205566 0.000000 0.997836 0.000000 -0.065753 1.000000 1.000000 1.000000
4239.864746 0.500000 2217.986084 0.000000 0.997836 0.000000 -0.065753 1.000000 1.000000 1.000000
4243.217285 0.500000 2217.545410 0.000000 0.997836 0.000000 -0.065753 1.000000 1.000000 1.000000
4246.620605 0.500000 2217.066650 0.000000 0.997836 0.000000 -0.065753 1.000000 1.000000 1.000000
4256.638184 0.500000 2215.726074 0.000000 0.997836 0.000000 -0.065753 1.000000 1.000000 1.000000
4253.306641 0.500000 2216.179443 0.000000 0.997836 0.000000 -0.065753 1.000000 1.000000 1.000000
4249.971680 0.500000 2216.626709 0.000000 0.997836 0.000000 -0.065753 1.000000 1.000000 1.000000
4259.964355 0.500000 2215.318359 0.000000 0.997836 0.000000 -0.065753 1.000000 1.000000 1.000000
4263.315430 0.500000 2214.878418 0.000000 0.997836 0.000000 -0.065753 1.000000 1.000000 1.000000
4266.718750 0.500000 2214.400391 0.000000 0.997836 0.000000 -0.065753 1.000000 1.000000 1.000000
4270.142090 0.500000 2213.939941 0.000000 0.997836 0.000000 -0.065753 1.000000 1.000000 1.000000
4273.495117 0.500000 2213.499512 0.000000 0.997836 0.000000 -0.065753 1.000000 1.000000 1.000000
4276.897949 0.500000 2213.021240 0.000000 0.997836 0.000000 -0.065753 1.000000 1.000000 1.000000
4280.249512 0.500000 2212.580811 0.000000 0.997836 0.000000 -0.065753 1.000000 1.000000 1.000000
4283.668457 0.500000 2212.097168 0.000000 0.997836 0.000000 -0.065753 1.000000 1.000000 1.000000
3746.299805 0.500000 2131.208008 0.000000 0.909985 0.000000 0.414639 1.000000 1.000000 1.000000
3748.515381 0.500000 2133.761230 0.000000 0.909985 0.000000 0.414639 1.000000 1.000000 1.000000
3732.779541 0.500000 2115.748535 0.000000 0.909985 0.000000 0.414639 1.000000 1.000000 1.000000
3735.051270 0.500000 2118.351562 0.000000 0.909985 0.000000 0.414639 1.000000 1.000000 1.000000
3737.267334 0.500000 2120.904541 0.000000 0.909985 0.000000 0.414639 1.000000 1.000000 1.000000
3739.542969 0.500000 2123.479980 0.000000 0.909985 0.000000 0.414639 1.000000 1.000000 1.000000
3741.758545 0.500000 2126.032715 0.000000 0.909985 0.000000 0.414639 1.000000 1.000000 1.000000
3744.047363 0.500000 2128.618896 0.000000 0.909985 0.000000 0.414639 1.000000 1.000000 1.000000
3736.269287 0.500000 2162.064209 0.000000 0.994987 0.000000 -0.099996 1.000000 1.000000 1.000000
3739.582764 0.500000 2161.394775 0.000000 0.994987 0.000000 -0.099996 1.000000 1.000000 1.000000
3716.154297 0.500000 2166.208984 0.000000 0.994987 0.000000 -0.099996 1.000000 1.000000 1.000000
3719.538818 0.500000 2165.515137 0.000000 0.994987 0.000000 -0.099996 1.000000 1.000000 1.000000
3722.852539 0.500000 2164.845215 0.000000 0.994987 0.000000 -0.099996 1.000000 1.000000 1.000000
3726.214844 0.500000 2164.134521 0.000000 0.994987 0.000000 -0.099996 1.000000 1.000000 1.000000
3729.528076 0.500000 2163.464844 0.000000 0.994987 0.000000 -0.099996 1.000000 1.000000 1.000000
3732.906250 0.500000 2162.748047 0.000000 0.994987 0.000000 -0.099996 1.000000 1.000000 1.000000
3587.602539 0.500000 2104.177490 0.000000 -0.978942 0.000000 0.204134 1.000000 1.000000 1.000000
3590.702148 0.500000 2102.829102 0.000000 -0.978942 0.000000 0.204134 1.000000 1.000000 1.000000
3575.064697 0.500000 2109.704590 0.000000 -0.978942 0.000000 0.204134 1.000000 1.000000 1.000000
3578.204102 0.500000 2108.305664 0.000000 -0.978942 0.000000 0.204134 1.000000 1.000000 1.000000
3581.303955 0.500000 2106.957520 0.000000 -0.978942 0.000000 0.204134 1.000000 1.000000 1.000000
3584.457031 0.500000 2105.549805 0.000000 -0.978942 0.000000 0.204134 1.000000 1.000000 1.000000
3590.716797 0.500000 1927.384155 0.000000 0.948923 0.000000 -0.315504 1.000000 1.000000 1.000000
3571.567627 0.500000 1941.809204 0.000000 0.948923 0.000000 -0.315504 1.000000 1.000000 1.000000
3574.303711 0.500000 1939.729248 0.000000 0.948923 0.000000 -0.315504 1.000000 1.000000 1.000000
3577.066895 0.500000 1937.654907 0.000000 0.948923 0.000000 -0.315504 1.000000 1.000000 1.000000
3579.776367 0.500000 1935.633057 0.000000 0.948923 0.000000 -0.315504 1.000000 1.000000 1.000000
3582.512207 0.500000 1933.553467 0.000000 0.948923 0.000000 -0.315504 1.000000 1.000000 1.000000
3585.221436 0.500000 1931.531860 0.000000 0.948923 0.000000 -0.315504 1.000000 1.000000 1.000000
3587.968994 0.500000 1929.439697 0.000000 0.948923 0.000000 -0.315504 1.000000 1.000000 1.000000
3676.059326 0.500000 2090.748047 0.000000 0.999983 0.000000 0.005580 1.000000 1.000000 1.000000
3679.439453 0.500000 2090.789062 0.000000 0.999983 0.000000 0.005580 1.000000 1.000000 1.000000
3652.085693 0.500000 2090.567627 0.000000 0.999983 0.000000 0.005580 1.000000 1.000000 1.000000
3655.522461 0.500000 2090.578369 0.000000 0.999983 0.000000 0.005580 1.000000 1.000000 1.000000
3658.977539 0.500000 2090.610107 0.000000 0.999983 0.000000 0.005580 1.000000 1.000000 1.000000
3662.357910 0.500000 2090.650879 0.000000 0.999983 0.000000 0.005580 1.000000 1.000000 1.000000
3665.794434 0.500000 2090.661865 0.000000 0.999983 0.000000 0.005580 1.000000 1.000000 1.000000
3669.174561 0.500000 2090.702637 0.000000 0.999983 0.000000 0.005580 1.000000 1.000000 1.000000
3672.627930 0.500000 2090.710693 0.000000 0.999983 0.000000 0.005580 1.000000 1.000000 1.000000
3614.349609 0.500000 2055.243652 0.000000 0.759006 0.000000 0.651082 1.000000 1.000000 1.000000
3614.860840 0.500000 2058.585205 0.000000 0.759006 0.000000 0.651082 1.000000 1.000000 1.000000
3611.697998 0.500000 2038.368408 0.000000 0.759006 0.000000 0.651082 1.000000 1.000000 1.000000
3612.209717 0.500000 2041.710327 0.000000 0.759006 0.000000 0.651082 1.000000 1.000000 1.000000
3612.759521 0.500000 2045.102661 0.000000 0.759006 0.000000 0.651082 1.000000 1.000000 1.000000
3613.270996 0.500000 2048.443848 0.000000 0.759006 0.000000 0.651082 1.000000 1.000000 1.000000
3613.826172 0.500000 2051.852295 0.000000 0.759006 0.000000 0.651082 1.000000 1.000000 1.000000
3584.914551 0.500000 1990.154053 0.000000 0.932506 0.000000 0.361151 1.000000 1.000000 1.000000
3587.411133 0.500000 1992.433228 0.000000 0.932506 0.000000 0.361151 1.000000 1.000000 1.000000
3569.694580 0.500000 1976.364990 0.000000 0.932506 0.000000 0.361151 1.000000 1.000000 1.000000
3572.252930 0.500000 1978.687256 0.000000 0.932506 0.000000 0.361151 1.000000 1.000000 1.000000
3574.750000 0.500000 1980.966309 0.000000 0.932506 0.000000 0.361151 1.000000 1.000000 1.000000
3577.308350 0.500000 1983.260742 0.000000 0.932506 0.000000 0.361151 1.000000 1.000000 1.000000
3579.804688 0.500000 1985.539795 0.000000 0.932506 0.000000 0.361151 1.000000 1.000000 1.000000
3582.377686 0.500000 1987.843262 0.000000 0.932506 0.000000 0.361151 1.000000 1.000000 1.000000
3659.452881 0.500000 2142.134766 0.000000 0.893989 0.000000 0.448088 1.000000 1.000000 1.000000
3661.473389 0.500000 2144.844971 0.000000 0.893989 0.000000 0.448088 1.000000 1.000000 1.000000
3641.037842 0.500000 2117.565674 0.000000 0.893989 0.000000 0.448088 1.000000 1.000000 1.000000
3639.015381 0.500000 2114.878906 0.000000 0.893989 0.000000 0.448088 1.000000 1.000000 1.000000
3643.016357 0.500000 2120.269531 0.000000 0.893989 0.000000 0.448088 1.000000 1.000000 1.000000
3645.036377 0.500000 2122.979492 0.000000 0.893989 0.000000 0.448088 1.000000 1.000000 1.000000
3647.114990 0.500000 2125.716309 0.000000 0.893989 0.000000 0.448088 1.000000 1.000000 1.000000
3649.187988 0.500000 2128.480469 0.000000 0.893989 0.000000 0.448088 1.000000 1.000000 1.000000
3651.208984 0.500000 2131.190674 0.000000 0.893989 0.000000 0.448088 1.000000 1.000000 1.000000
3653.287354 0.500000 2133.927490 0.000000 0.893989 0.000000 0.448088 1.000000 1.000000 1.000000
3655.307861 0.500000 2136.637451 0.000000 0.893989 0.000000 0.448088 1.000000 1.000000 1.000000
3657.398682 0.500000 2139.385986 0.000000 0.893989 0.000000 0.448088 1.000000 1.000000 1.000000
3611.458008 0.500000 1978.682861 0.000000 0.666149 0.000000 0.745817 1.000000 1.000000 1.000000
3611.074951 0.500000 1982.041626 0.000000 0.666149 0.000000 0.745817 1.000000 1.000000 1.000000
3614.861816 0.500000 1948.167725 0.000000 0.666149 0.000000 0.745817 1.000000 1.000000 1.000000
3615.227295 0.500000 1944.824951 0.000000 0.666149 0.000000 0.745817 1.000000 1.000000 1.000000
3615.599854 0.500000 1941.481201 0.000000 0.666149 0.000000 0.745817 1.000000 1.000000 1.000000
3614.452393 0.500000 1951.493042 0.000000 0.666149 0.000000 0.745817 1.000000 1.000000 1.000000
3614.068848 0.500000 1954.851074 0.000000 0.666149 0.000000 0.745817 1.000000 1.000000 1.000000
3613.709229 0.500000 1958.269043 0.000000 0.666149 0.000000 0.745817 1.000000 1.000000 1.000000
3613.327393 0.500000 1961.702759 0.000000 0.666149 0.000000 0.745817 1.000000 1.000000 1.000000
3612.944580 0.500000 1965.061890 0.000000 0.666149 0.000000 0.745817 1.000000 1.000000 1.000000
3612.584961 0.500000 1968.479736 0.000000 0.666149 0.000000 0.745817 1.000000 1.000000 1.000000
3612.201660 0.500000 1971.837891 0.000000 0.666149 0.000000 0.745817 1.000000 1.000000 1.000000
3611.843750 0.500000 1975.272827 0.000000 0.666149 0.000000 0.745817 1.000000 1.000000 1.000000
3885.350830 0.500000 2331.458252 0.000000 0.479880 0.000000 0.877333 1.000000 1.000000 1.000000
3883.525146 0.500000 2334.302734 0.000000 0.479880 0.000000 0.877333 1.000000 1.000000 1.000000
3889.038086 0.500000 2325.644287 0.000000 0.479880 0.000000 0.877333 1.000000 1.000000 1.000000
3887.201660 0.500000 2328.568359 0.000000 0.479880 0.000000 0.877333 1.000000 1.000000 1.000000
3842.064453 0.500000 2333.766602 0.000000 0.897461 0.000000 0.441090 1.000000 1.000000 1.000000
3844.126953 0.500000 2336.444580 0.000000 0.897461 0.000000 0.441090 1.000000 1.000000 1.000000
3833.650391 0.500000 2322.952393 0.000000 0.897461 0.000000 0.441090 1.000000 1.000000 1.000000
3835.771484 0.500000 2325.656494 0.000000 0.897461 0.000000 0.441090 1.000000 1.000000 1.000000
3837.833740 0.500000 2328.335205 0.000000 0.897461 0.000000 0.441090 1.000000 1.000000 1.000000
3839.967773 0.500000 2331.049805 0.000000 0.897461 0.000000 0.441090 1.000000 1.000000 1.000000
3786.991699 0.500000 2292.834473 0.000000 0.992480 0.000000 0.122399 1.000000 1.000000 1.000000
3790.269775 0.500000 2293.658691 0.000000 0.992480 0.000000 0.122399 1.000000 1.000000 1.000000
3767.055176 0.500000 2287.902832 0.000000 0.992480 0.000000 0.122399 1.000000 1.000000 1.000000
3770.408203 0.500000 2288.735352 0.000000 0.992480 0.000000 0.122399 1.000000 1.000000 1.000000
3773.687012 0.500000 2289.559326 0.000000 0.992480 0.000000 0.122399 1.000000 1.000000 1.000000
3777.027344 0.500000 2290.367676 0.000000 0.992480 0.000000 0.122399 1.000000 1.000000 1.000000
3780.305664 0.500000 2291.192383 0.000000 0.992480 0.000000 0.122399 1.000000 1.000000 1.000000
3783.662842 0.500000 2292.001221 0.000000 0.992480 0.000000 0.122399 1.000000 1.000000 1.000000
3731.433594 0.500000 2334.435303 0.000000 0.657754 0.000000 0.753231 1.000000 1.000000 1.000000
3730.975098 0.500000 2337.784424 0.000000 0.657754 0.000000 0.753231 1.000000 1.000000 1.000000
3734.576904 0.500000 2310.668213 0.000000 0.657754 0.000000 0.753231 1.000000 1.000000 1.000000
3734.141113 0.500000 2314.077148 0.000000 0.657754 0.000000 0.753231 1.000000 1.000000 1.000000
3733.682373 0.500000 2317.501465 0.000000 0.657754 0.000000 0.753231 1.000000 1.000000 1.000000
3733.224365 0.500000 2320.851074 0.000000 0.657754 0.000000 0.753231 1.000000 1.000000 1.000000
3732.788574 0.500000 2324.260010 0.000000 0.657754 0.000000 0.753231 1.000000 1.000000 1.000000
3732.329834 0.500000 2327.609131 0.000000 0.657754 0.000000 0.753231 1.000000 1.000000 1.000000
3731.895020 0.500000 2331.034912 0.000000 0.657754 0.000000 0.753231 1.000000 1.000000 1.000000
4100.790527 0.500000 2083.821533 0.000000 0.770488 0.000000 0.637452 1.000000 1.000000 1.000000
4101.419922 0.500000 2087.142822 0.000000 0.770488 0.000000 0.637452 1.000000 1.000000 1.000000
4098.090820 0.500000 2000.806274 0.000000 0.758284 0.000000 -0.651922 1.000000 1.000000 1.000000
4098.578125 0.500000 1997.404663 0.000000 0.758284 0.000000 -0.651922 1.000000 1.000000 1.000000
4100.079102 0.500000 1987.409058 0.000000 0.758284 0.000000 -0.651922 1.000000 1.000000 1.000000
4099.587402 0.500000 1990.735962 0.000000 0.758284 0.000000 -0.651922 1.000000 1.000000 1.000000
4099.088867 0.500000 1994.062622 0.000000 0.758284 0.000000 -0.651922 1.000000 1.000000 1.000000
4126.948730 0.500000 2045.776855 0.000000 0.992420 0.000000 0.122884 1.000000 1.000000 1.000000
4130.225586 0.500000 2046.604370 0.000000 0.992420 0.000000 0.122884 1.000000 1.000000 1.000000
4133.565430 0.500000 2047.416260 0.000000 0.992420 0.000000 0.122884 1.000000 1.000000 1.000000
4136.917480 0.500000 2048.252441 0.000000 0.992420 0.000000 0.122884 1.000000 1.000000 1.000000
4140.195312 0.500000 2049.079590 0.000000 0.992420 0.000000 0.122884 1.000000 1.000000 1.000000
4098.839355 0.500000 2073.743164 0.000000 0.770488 0.000000 0.637452 1.000000 1.000000 1.000000
4099.469238 0.500000 2077.064209 0.000000 0.770488 0.000000 0.637452 1.000000 1.000000 1.000000
4100.146973 0.500000 2080.450928 0.000000 0.770488 0.000000 0.637452 1.000000 1.000000 1.000000
4201.087402 0.500000 2034.648071 0.000000 0.962242 0.000000 -0.272191 1.000000 1.000000 1.000000
4203.969238 0.500000 2032.880981 0.000000 0.962242 0.000000 -0.272191 1.000000 1.000000 1.000000
4214.482910 0.500000 1978.970581 0.000000 0.876513 0.000000 0.481375 1.000000 1.000000 1.000000
4216.292969 0.500000 1981.825195 0.000000 0.876513 0.000000 0.481375 1.000000 1.000000 1.000000
4131.616211 0.500000 1952.745605 0.000000 0.989864 0.000000 -0.142009 1.000000 1.000000 1.000000
4134.859863 0.500000 1951.798828 0.000000 0.989864 0.000000 -0.142009 1.000000 1.000000 1.000000
4138.165527 0.500000 1950.798706 0.000000 0.989864 0.000000 -0.142009 1.000000 1.000000 1.000000
4141.410645 0.500000 1949.851318 0.000000 0.989864 0.000000 -0.142009 1.000000 1.000000 1.000000
4144.700684 0.500000 1948.858154 0.000000 0.989864 0.000000 -0.142009 1.000000 1.000000 1.000000
4189.444336 0.500000 2041.872925 0.000000 0.962242 0.000000 -0.272191 1.000000 1.000000 1.000000
4192.357910 0.500000 2040.049805 0.000000 0.962242 0.000000 -0.272191 1.000000 1.000000 1.000000
4195.238770 0.500000 2038.281860 0.000000 0.962242 0.000000 -0.272191 1.000000 1.000000 1.000000
4198.165039 0.500000 2036.446655 0.000000 0.962242 0.000000 -0.272191 1.000000 1.000000 1.000000
4151.172852 0.500000 1946.959961 0.000000 0.989864 0.000000 -0.142009 1.000000 1.000000 1.000000
4147.946289 0.500000 1947.911499 0.000000 0.989864 0.000000 -0.142009 1.000000 1.000000 1.000000
4207.083984 0.500000 1967.437256 0.000000 0.876513 0.000000 0.481375 1.000000 1.000000 1.000000
4208.950684 0.500000 1970.323364 0.000000 0.876513 0.000000 0.481375 1.000000 1.000000 1.000000
4210.761719 0.500000 1973.177246 0.000000 0.876513 0.000000 0.481375 1.000000 1.000000 1.000000
4212.640625 0.500000 1976.075195 0.000000 0.876513 0.000000 0.481375 1.000000 1.000000 1.000000
4175.730469 0.500000 2197.712891 0.000000 0.938066 0.000000 0.346451 1.000000 1.000000 1.000000
4178.297852 0.500000 2199.912598 0.000000 0.938066 0.000000 0.346451 1.000000 1.000000 1.000000
4154.889160 0.500000 2179.996826 0.000000 0.938066 0.000000 0.346451 1.000000 1.000000 1.000000
4157.455078 0.500000 2182.196289 0.000000 0.938066 0.000000 0.346451 1.000000 1.000000 1.000000
4160.083984 0.500000 2184.409180 0.000000 0.938066 0.000000 0.346451 1.000000 1.000000 1.000000
4162.714844 0.500000 2186.649902 0.000000 0.938066 0.000000 0.346451 1.000000 1.000000 1.000000
4165.282227 0.500000 2188.848877 0.000000 0.938066 0.000000 0.346451 1.000000 1.000000 1.000000
4167.911133 0.500000 2191.062012 0.000000 0.938066 0.000000 0.346451 1.000000 1.000000 1.000000
4170.479004 0.500000 2193.261475 0.000000 0.938066 0.000000 0.346451 1.000000 1.000000 1.000000
4173.122559 0.500000 2195.482910 0.000000 0.938066 0.000000 0.346451 1.000000 1.000000 1.000000
4195.240234 0.500000 2119.590088 0.000000 0.990910 0.000000 -0.134514 1.000000 1.000000 1.000000
4198.499023 0.500000 2118.691895 0.000000 0.990910 0.000000 -0.134514 1.000000 1.000000 1.000000
4165.660645 0.500000 2127.823975 0.000000 0.990910 0.000000 -0.134514 1.000000 1.000000 1.000000
4168.898438 0.500000 2126.962402 0.000000 0.990910 0.000000 -0.134514 1.000000 1.000000 1.000000
4172.156738 0.500000 2126.065186 0.000000 0.990910 0.000000 -0.134514 1.000000 1.000000 1.000000
4175.461426 0.500000 2125.122803 0.000000 0.990910 0.000000 -0.134514 1.000000 1.000000 1.000000
4178.790039 0.500000 2124.195068 0.000000 0.990910 0.000000 -0.134514 1.000000 1.000000 1.000000
4182.048828 0.500000 2123.295898 0.000000 0.990910 0.000000 -0.134514 1.000000 1.000000 1.000000
4185.354004 0.500000 2122.353516 0.000000 0.990910 0.000000 -0.134514 1.000000 1.000000 1.000000
4188.612793 0.500000 2121.455322 0.000000 0.990910 0.000000 -0.134514 1.000000 1.000000 1.000000
4191.932617 0.500000 2120.505615 0.000000 0.990910 0.000000 -0.134514 1.000000 1.000000 1.000000
4050.777344 0.500000 3519.062256 0.000000 0.637691 0.000000 0.770291 1.000000 1.000000 1.000000
4050.143066 0.500000 3522.383057 0.000000 0.637691 0.000000 0.770291 1.000000 1.000000 1.000000
4056.459961 0.500000 3488.888428 0.000000 0.637691 0.000000 0.770291 1.000000 1.000000 1.000000
4057.075439 0.500000 3485.582764 0.000000 0.637691 0.000000 0.770291 1.000000 1.000000 1.000000
4055.802490 0.500000 3492.173828 0.000000 0.637691 0.000000 0.770291 1.000000 1.000000 1.000000
4055.167969 0.500000 3495.493652 0.000000 0.637691 0.000000 0.770291 1.000000 1.000000 1.000000
4054.552979 0.500000 3498.874756 0.000000 0.637691 0.000000 0.770291 1.000000 1.000000 1.000000
4053.914795 0.500000 3502.270508 0.000000 0.637691 0.000000 0.770291 1.000000 1.000000 1.000000
4053.281006 0.500000 3505.591064 0.000000 0.637691 0.000000 0.770291 1.000000 1.000000 1.000000
4052.666504 0.500000 3508.972412 0.000000 0.637691 0.000000 0.770291 1.000000 1.000000 1.000000
4052.031982 0.500000 3512.292725 0.000000 0.637691 0.000000 0.770291 1.000000 1.000000 1.000000
4051.417236 0.500000 3515.691162 0.000000 0.637691 0.000000 0.770291 1.000000 1.000000 1.000000
4011.856689 0.500000 3535.344971 0.000000 0.950094 0.000000 0.311961 1.000000 1.000000 1.000000
4014.577393 0.500000 3537.351807 0.000000 0.950094 0.000000 0.311961 1.000000 1.000000 1.000000
3989.777344 0.500000 3519.197266 0.000000 0.950094 0.000000 0.311961 1.000000 1.000000 1.000000
3992.497559 0.500000 3521.203857 0.000000 0.950094 0.000000 0.311961 1.000000 1.000000 1.000000
3995.281250 0.500000 3523.218750 0.000000 0.950094 0.000000 0.311961 1.000000 1.000000 1.000000
3998.067627 0.500000 3525.261475 0.000000 0.950094 0.000000 0.311961 1.000000 1.000000 1.000000
4000.788818 0.500000 3527.267578 0.000000 0.950094 0.000000 0.311961 1.000000 1.000000 1.000000
4003.572754 0.500000 3529.282715 0.000000 0.950094 0.000000 0.311961 1.000000 1.000000 1.000000
4006.293213 0.500000 3531.289062 0.000000 0.950094 0.000000 0.311961 1.000000 1.000000 1.000000
4009.092529 0.500000 3533.311768 0.000000 0.950094 0.000000 0.311961 1.000000 1.000000 1.000000
4023.415771 0.500000 3468.644531 0.000000 0.963658 0.000000 -0.267137 1.000000 1.000000 1.000000
4026.315186 0.500000 3466.906738 0.000000 0.963658 0.000000 -0.267137 1.000000 1.000000 1.000000
3997.119629 0.500000 3484.496582 0.000000 0.963658 0.000000 -0.267137 1.000000 1.000000 1.000000
3994.243164 0.500000 3486.238525 0.000000 0.963658 0.000000 -0.267137 1.000000 1.000000 1.000000
3991.362549 0.500000 3487.975830 0.000000 0.963658 0.000000 -0.267137 1.000000 1.000000 1.000000
4000.008789 0.500000 3482.799805 0.000000 0.963658 0.000000 -0.267137 1.000000 1.000000 1.000000
4002.907959 0.500000 3481.062256 0.000000 0.963658 0.000000 -0.267137 1.000000 1.000000 1.000000
4005.840088 0.500000 3479.269531 0.000000 0.963658 0.000000 -0.267137 1.000000 1.000000 1.000000
4008.798340 0.500000 3477.485107 0.000000 0.963658 0.000000 -0.267137 1.000000 1.000000 1.000000
4011.697998 0.500000 3475.746826 0.000000 0.963658 0.000000 -0.267137 1.000000 1.000000 1.000000
4014.629883 0.500000 3473.953613 0.000000 0.963658 0.000000 -0.267137 1.000000 1.000000 1.000000
4017.529785 0.500000 3472.216064 0.000000 0.963658 0.000000 -0.267137 1.000000 1.000000 1.000000
4020.474121 0.500000 3470.412109 0.000000 0.963658 0.000000 -0.267137 1.000000 1.000000 1.000000
4121.093262 0.500000 3608.368408 0.000000 0.981973 0.000000 -0.189015 1.000000 1.000000 1.000000
4124.233887 0.500000 3607.116455 0.000000 0.981973 0.000000 -0.189015 1.000000 1.000000 1.000000
4076.902100 0.500000 3626.133057 0.000000 0.981973 0.000000 -0.189015 1.000000 1.000000 1.000000
4080.041748 0.500000 3624.881104 0.000000 0.981973 0.000000 -0.189015 1.000000 1.000000 1.000000
4083.222900 0.500000 3623.579834 0.000000 0.981973 0.000000 -0.189015 1.000000 1.000000 1.000000
4092.602783 0.500000 3619.813477 0.000000 0.981973 0.000000 -0.189015 1.000000 1.000000 1.000000
4089.484863 0.500000 3621.073486 0.000000 0.981973 0.000000 -0.189015 1.000000 1.000000 1.000000
4086.363037 0.500000 3622.328125 0.000000 0.981973 0.000000 -0.189015 1.000000 1.000000 1.000000
4095.725830 0.500000 3618.600342 0.000000 0.981973 0.000000 -0.189015 1.000000 1.000000 1.000000
4098.865723 0.500000 3617.348877 0.000000 0.981973 0.000000 -0.189015 1.000000 1.000000 1.000000
4102.046387 0.500000 3616.047607 0.000000 0.981973 0.000000 -0.189015 1.000000 1.000000 1.000000
4105.252441 0.500000 3614.759277 0.000000 0.981973 0.000000 -0.189015 1.000000 1.000000 1.000000
4108.392090 0.500000 3613.506836 0.000000 0.981973 0.000000 -0.189015 1.000000 1.000000 1.000000
4111.572754 0.500000 3612.205078 0.000000 0.981973 0.000000 -0.189015 1.000000 1.000000 1.000000
4114.712402 0.500000 3610.953613 0.000000 0.981973 0.000000 -0.189015 1.000000 1.000000 1.000000
4117.908691 0.500000 3609.643311 0.000000 0.981973 0.000000 -0.189015 1.000000 1.000000 1.000000
4070.075439 0.500000 3338.917969 0.000000 0.767289 0.000000 0.641301 1.000000 1.000000 1.000000
4070.672363 0.500000 3342.245361 0.000000 0.767289 0.000000 0.641301 1.000000 1.000000 1.000000
4064.576172 0.500000 3308.709961 0.000000 0.767289 0.000000 0.641301 1.000000 1.000000 1.000000
4063.967773 0.500000 3305.403076 0.000000 0.767289 0.000000 0.641301 1.000000 1.000000 1.000000
4063.364502 0.500000 3302.093262 0.000000 0.767289 0.000000 0.641301 1.000000 1.000000 1.000000
4065.138916 0.500000 3312.012939 0.000000 0.767289 0.000000 0.641301 1.000000 1.000000 1.000000
4065.735352 0.500000 3315.340088 0.000000 0.767289 0.000000 0.641301 1.000000 1.000000 1.000000
4066.372070 0.500000 3318.717041 0.000000 0.767289 0.000000 0.641301 1.000000 1.000000 1.000000
4066.991943 0.500000 3322.115723 0.000000 0.767289 0.000000 0.641301 1.000000 1.000000 1.000000
4067.589111 0.500000 3325.443604 0.000000 0.767289 0.000000 0.641301 1.000000 1.000000 1.000000
4068.226074 0.500000 3328.820557 0.000000 0.767289 0.000000 0.641301 1.000000 1.000000 1.000000
4068.822754 0.500000 3332.147949 0.000000 0.767289 0.000000 0.641301 1.000000 1.000000 1.000000
4069.465820 0.500000 3335.540771 0.000000 0.767289 0.000000 0.641301 1.000000 1.000000 1.000000
4021.574219 0.500000 3433.113525 0.000000 0.978507 0.000000 0.206208 1.000000 1.000000 1.000000
4024.666260 0.500000 3434.480957 0.000000 0.978507 0.000000 0.206208 1.000000 1.000000 1.000000
3993.460693 0.500000 3420.769531 0.000000 0.978507 0.000000 0.206208 1.000000 1.000000 1.000000
3990.378906 0.500000 3419.423828 0.000000 0.978507 0.000000 0.206208 1.000000 1.000000 1.000000
3987.298340 0.500000 3418.071777 0.000000 0.978507 0.000000 0.206208 1.000000 1.000000 1.000000
3996.512939 0.500000 3422.151123 0.000000 0.978507 0.000000 0.206208 1.000000 1.000000 1.000000
3999.604248 0.500000 3423.518555 0.000000 0.978507 0.000000 0.206208 1.000000 1.000000 1.000000
4002.759033 0.500000 3424.880127 0.000000 0.978507 0.000000 0.206208 1.000000 1.000000 1.000000
4005.923096 0.500000 3426.268555 0.000000 0.978507 0.000000 0.206208 1.000000 1.000000 1.000000
4009.015381 0.500000 3427.635254 0.000000 0.978507 0.000000 0.206208 1.000000 1.000000 1.000000
4012.170654 0.500000 3428.997070 0.000000 0.978507 0.000000 0.206208 1.000000 1.000000 1.000000
4015.262207 0.500000 3430.364258 0.000000 0.978507 0.000000 0.206208 1.000000 1.000000 1.000000
4018.434082 0.500000 3431.729736 0.000000 0.978507 0.000000 0.206208 1.000000 1.000000 1.000000
3920.708740 0.500000 3432.891113 0.000000 0.935005 0.000000 -0.354634 1.000000 1.000000 1.000000
3923.241211 0.500000 3430.651611 0.000000 0.935005 0.000000 -0.354634 1.000000 1.000000 1.000000
3925.794922 0.500000 3428.352051 0.000000 0.935005 0.000000 -0.354634 1.000000 1.000000 1.000000
3968.843750 0.500000 3369.651123 0.000000 0.840773 0.000000 -0.541388 1.000000 1.000000 1.000000
3970.245850 0.500000 3366.574707 0.000000 0.840773 0.000000 -0.541388 1.000000 1.000000 1.000000
3971.642334 0.500000 3363.435059 0.000000 0.840773 0.000000 -0.541388 1.000000 1.000000 1.000000
3973.065918 0.500000 3360.286865 0.000000 0.840773 0.000000 -0.541388 1.000000 1.000000 1.000000
3974.467773 0.500000 3357.210938 0.000000 0.840773 0.000000 -0.541388 1.000000 1.000000 1.000000
3975.864746 0.500000 3354.071045 0.000000 0.840773 0.000000 -0.541388 1.000000 1.000000 1.000000
3872.509766 0.500000 3407.343750 0.000000 0.796035 0.000000 0.605250 1.000000 1.000000 1.000000
3873.410645 0.500000 3410.602295 0.000000 0.796035 0.000000 0.605250 1.000000 1.000000 1.000000
3874.355957 0.500000 3413.906250 0.000000 0.796035 0.000000 0.605250 1.000000 1.000000 1.000000
3875.256836 0.500000 3417.164551 0.000000 0.796035 0.000000 0.605250 1.000000 1.000000 1.000000
3876.209229 0.500000 3420.483887 0.000000 0.796035 0.000000 0.605250 1.000000 1.000000 1.000000
3742.596680 0.500000 3066.958252 0.000000 -0.417224 0.000000 0.908803 1.000000 1.000000 1.000000
3740.395996 0.500000 3064.392578 0.000000 -0.417224 0.000000 0.908803 1.000000 1.000000 1.000000
3738.134766 0.500000 3061.804443 0.000000 -0.417224 0.000000 0.908803 1.000000 1.000000 1.000000
3735.877197 0.500000 3059.188721 0.000000 -0.417224 0.000000 0.908803 1.000000 1.000000 1.000000
3733.676758 0.500000 3056.623291 0.000000 -0.417224 0.000000 0.908803 1.000000 1.000000 1.000000
3731.415527 0.500000 3054.035400 0.000000 -0.417224 0.000000 0.908803 1.000000 1.000000 1.000000
3729.214600 0.500000 3051.469482 0.000000 -0.417224 0.000000 0.908803 1.000000 1.000000 1.000000
3726.940674 0.500000 3048.870361 0.000000 -0.417224 0.000000 0.908803 1.000000 1.000000 1.000000
3724.739258 0.500000 3046.304932 0.000000 -0.417224 0.000000 0.908803 1.000000 1.000000 1.000000
3722.478027 0.500000 3043.716797 0.000000 -0.417224 0.000000 0.908803 1.000000 1.000000 1.000000
3715.878174 0.500000 3036.062256 0.000000 -0.417224 0.000000 0.908803 1.000000 1.000000 1.000000
3718.079346 0.500000 3038.603516 0.000000 -0.417224 0.000000 0.908803 1.000000 1.000000 1.000000
3720.277344 0.500000 3041.150879 0.000000 -0.417224 0.000000 0.908803 1.000000 1.000000 1.000000
3713.719238 0.500000 3033.499756 0.000000 -0.417224 0.000000 0.908803 1.000000 1.000000 1.000000
3711.518311 0.500000 3030.933838 0.000000 -0.417224 0.000000 0.908803 1.000000 1.000000 1.000000
3993.350098 0.500000 2744.581299 0.000000 0.394663 0.000000 0.918826 1.000000 1.000000 1.000000
3991.020020 0.500000 2747.030762 0.000000 0.394663 0.000000 0.918826 1.000000 1.000000 1.000000
3988.674561 0.500000 2749.541992 0.000000 0.394663 0.000000 0.918826 1.000000 1.000000 1.000000
3986.300781 0.500000 2752.052490 0.000000 0.394663 0.000000 0.918826 1.000000 1.000000 1.000000
3983.970947 0.500000 2754.501953 0.000000 0.394663 0.000000 0.918826 1.000000 1.000000 1.000000
3981.624756 0.500000 2757.013184 0.000000 0.394663 0.000000 0.918826 1.000000 1.000000 1.000000
4029.716309 0.500000 2748.263672 0.000000 0.873738 0.000000 0.486396 1.000000 1.000000 1.000000
4031.453369 0.500000 2751.128906 0.000000 0.873738 0.000000 0.486396 1.000000 1.000000 1.000000
4033.231445 0.500000 2754.004150 0.000000 0.873738 0.000000 0.486396 1.000000 1.000000 1.000000
4035.065430 0.500000 2756.910156 0.000000 0.873738 0.000000 0.486396 1.000000 1.000000 1.000000
4036.891357 0.500000 2759.843262 0.000000 0.873738 0.000000 0.486396 1.000000 1.000000 1.000000
4038.669678 0.500000 2762.718262 0.000000 0.873738 0.000000 0.486396 1.000000 1.000000 1.000000
4040.503418 0.500000 2765.624756 0.000000 0.873738 0.000000 0.486396 1.000000 1.000000 1.000000
3991.950928 0.500000 2790.699951 0.000000 0.995459 0.000000 0.095188 1.000000 1.000000 1.000000
3995.234375 0.500000 2791.367188 0.000000 0.995459 0.000000 0.095188 1.000000 1.000000 1.000000
3998.552979 0.500000 2792.011475 0.000000 0.995459 0.000000 0.095188 1.000000 1.000000 1.000000
4001.932373 0.500000 2792.635254 0.000000 0.995459 0.000000 0.095188 1.000000 1.000000 1.000000
4005.325684 0.500000 2793.283447 0.000000 0.995459 0.000000 0.095188 1.000000 1.000000 1.000000
4008.644531 0.500000 2793.927246 0.000000 0.995459 0.000000 0.095188 1.000000 1.000000 1.000000
4012.024170 0.500000 2794.551514 0.000000 0.995459 0.000000 0.095188 1.000000 1.000000 1.000000
4015.342529 0.500000 2795.195068 0.000000 0.995459 0.000000 0.095188 1.000000 1.000000 1.000000
4018.739014 0.500000 2795.819824 0.000000 0.995459 0.000000 0.095188 1.000000 1.000000 1.000000
3956.997314 0.500000 3075.525146 0.000000 0.996024 0.000000 0.089080 1.000000 1.000000 1.000000
3960.323486 0.500000 3076.128418 0.000000 0.996024 0.000000 0.089080 1.000000 1.000000 1.000000
3963.710449 0.500000 3076.710938 0.000000 0.996024 0.000000 0.089080 1.000000 1.000000 1.000000
3967.111816 0.500000 3077.317383 0.000000 0.996024 0.000000 0.089080 1.000000 1.000000 1.000000
3970.437744 0.500000 3077.920410 0.000000 0.996024 0.000000 0.089080 1.000000 1.000000 1.000000
3973.824707 0.500000 3078.503174 0.000000 0.996024 0.000000 0.089080 1.000000 1.000000 1.000000
3977.150879 0.500000 3079.106201 0.000000 0.996024 0.000000 0.089080 1.000000 1.000000 1.000000
3980.554932 0.500000 3079.688965 0.000000 0.996024 0.000000 0.089080 1.000000 1.000000 1.000000
3983.881104 0.500000 3080.291992 0.000000 0.996024 0.000000 0.089080 1.000000 1.000000 1.000000
3987.268066 0.500000 3080.874512 0.000000 0.996024 0.000000 0.089080 1.000000 1.000000 1.000000
3997.217529 0.500000 3082.653076 0.000000 0.996024 0.000000 0.089080 1.000000 1.000000 1.000000
3993.906494 0.500000 3082.068848 0.000000 0.996024 0.000000 0.089080 1.000000 1.000000 1.000000
3990.594238 0.500000 3081.477783 0.000000 0.996024 0.000000 0.089080 1.000000 1.000000 1.000000
4000.508789 0.500000 3083.279785 0.000000 0.996024 0.000000 0.089080 1.000000 1.000000 1.000000
4003.835205 0.500000 3083.883301 0.000000 0.996024 0.000000 0.089080 1.000000 1.000000 1.000000
4007.221924 0.500000 3084.465820 0.000000 0.996024 0.000000 0.089080 1.000000 1.000000 1.000000
4010.623047 0.500000 3085.072266 0.000000 0.996024 0.000000 0.089080 1.000000 1.000000 1.000000
4013.949463 0.500000 3085.675293 0.000000 0.996024 0.000000 0.089080 1.000000 1.000000 1.000000
4017.336426 0.500000 3086.257812 0.000000 0.996024 0.000000 0.089080 1.000000 1.000000 1.000000
4020.662598 0.500000 3086.860840 0.000000 0.996024 0.000000 0.089080 1.000000 1.000000 1.000000
4024.066406 0.500000 3087.443848 0.000000 0.996024 0.000000 0.089080 1.000000 1.000000 1.000000
3963.474854 0.500000 3012.670654 0.000000 0.914893 0.000000 0.403696 1.000000 1.000000 1.000000
3965.751221 0.500000 3015.169922 0.000000 0.914893 0.000000 0.403696 1.000000 1.000000 1.000000
3968.088135 0.500000 3017.689453 0.000000 0.914893 0.000000 0.403696 1.000000 1.000000 1.000000
3970.421875 0.500000 3020.237061 0.000000 0.914893 0.000000 0.403696 1.000000 1.000000 1.000000
3972.697754 0.500000 3022.735840 0.000000 0.914893 0.000000 0.403696 1.000000 1.000000 1.000000
3975.035156 0.500000 3025.256104 0.000000 0.914893 0.000000 0.403696 1.000000 1.000000 1.000000
4016.110352 0.500000 3062.419678 0.000000 0.947872 0.000000 0.318651 1.000000 1.000000 1.000000
4018.880615 0.500000 3064.481934 0.000000 0.947872 0.000000 0.318651 1.000000 1.000000 1.000000
4021.573242 0.500000 3066.526367 0.000000 0.947872 0.000000 0.318651 1.000000 1.000000 1.000000
4024.328125 0.500000 3068.580322 0.000000 0.947872 0.000000 0.318651 1.000000 1.000000 1.000000
4029.705322 0.500000 3072.652588 0.000000 0.947872 0.000000 0.318651 1.000000 1.000000 1.000000
4027.020264 0.500000 3070.624756 0.000000 0.947872 0.000000 0.318651 1.000000 1.000000 1.000000
4081.544434 0.500000 2748.545898 0.000000 0.593259 0.000000 0.805011 1.000000 1.000000 1.000000
4080.540771 0.500000 2751.773926 0.000000 0.593259 0.000000 0.805011 1.000000 1.000000 1.000000
4079.549561 0.500000 2755.064697 0.000000 0.593259 0.000000 0.805011 1.000000 1.000000 1.000000
4078.532715 0.500000 2758.366699 0.000000 0.593259 0.000000 0.805011 1.000000 1.000000 1.000000
4077.529297 0.500000 2761.594238 0.000000 0.593259 0.000000 0.805011 1.000000 1.000000 1.000000
3896.065186 0.500000 2750.219971 0.000000 0.966631 0.000000 0.256172 1.000000 1.000000 1.000000
3899.069824 0.500000 2751.925293 0.000000 0.966631 0.000000 0.256172 1.000000 1.000000 1.000000
3902.004883 0.500000 2753.601807 0.000000 0.966631 0.000000 0.256172 1.000000 1.000000 1.000000
3905.004150 0.500000 2755.280029 0.000000 0.966631 0.000000 0.256172 1.000000 1.000000 1.000000
3907.939453 0.500000 2756.956299 0.000000 0.966631 0.000000 0.256172 1.000000 1.000000 1.000000
3910.954834 0.500000 2758.640137 0.000000 0.966631 0.000000 0.256172 1.000000 1.000000 1.000000
3913.889648 0.500000 2760.317139 0.000000 0.966631 0.000000 0.256172 1.000000 1.000000 1.000000
3916.888672 0.500000 2761.995361 0.000000 0.966631 0.000000 0.256172 1.000000 1.000000 1.000000
3922.750488 0.500000 2765.333008 0.000000 0.966631 0.000000 0.256172 1.000000 1.000000 1.000000
3919.823975 0.500000 2763.672363 0.000000 0.966631 0.000000 0.256172 1.000000 1.000000 1.000000
3879.816895 0.500000 2710.219727 0.000000 0.805643 0.000000 -0.592402 1.000000 1.000000 1.000000
3880.840576 0.500000 2706.919922 0.000000 0.805643 0.000000 -0.592402 1.000000 1.000000 1.000000
3881.850586 0.500000 2703.694336 0.000000 0.805643 0.000000 -0.592402 1.000000 1.000000 1.000000
3743.743652 0.500000 2887.469727 0.000000 0.997658 0.000000 0.068394 1.000000 1.000000 1.000000
3747.091553 0.500000 2887.934082 0.000000 0.997658 0.000000 0.068394 1.000000 1.000000 1.000000
3750.499756 0.500000 2888.375977 0.000000 0.997658 0.000000 0.068394 1.000000 1.000000 1.000000
3753.848389 0.500000 2888.839844 0.000000 0.997658 0.000000 0.068394 1.000000 1.000000 1.000000
3757.273682 0.500000 2889.281494 0.000000 0.997658 0.000000 0.068394 1.000000 1.000000 1.000000
3760.621826 0.500000 2889.745605 0.000000 0.997658 0.000000 0.068394 1.000000 1.000000 1.000000
3764.029785 0.500000 2890.187256 0.000000 0.997658 0.000000 0.068394 1.000000 1.000000 1.000000
3770.712402 0.500000 2891.105225 0.000000 0.997658 0.000000 0.068394 1.000000 1.000000 1.000000
3767.378174 0.500000 2890.651855 0.000000 0.997658 0.000000 0.068394 1.000000 1.000000 1.000000
3756.333984 0.500000 2684.245117 0.000000 0.878519 0.000000 0.477707 1.000000 1.000000 1.000000
3758.225098 0.500000 2687.114258 0.000000 0.878519 0.000000 0.477707 1.000000 1.000000 1.000000
3760.060059 0.500000 2689.953369 0.000000 0.878519 0.000000 0.477707 1.000000 1.000000 1.000000
3761.963135 0.500000 2692.835449 0.000000 0.878519 0.000000 0.477707 1.000000 1.000000 1.000000
3763.797852 0.500000 2695.674805 0.000000 0.878519 0.000000 0.477707 1.000000 1.000000 1.000000
3853.759521 0.500000 2663.618408 0.000000 0.983200 0.000000 0.182530 1.000000 1.000000 1.000000
3863.198730 0.500000 2667.232178 0.000000 0.983200 0.000000 0.182530 1.000000 1.000000 1.000000
3860.056152 0.500000 2666.036865 0.000000 0.983200 0.000000 0.182530 1.000000 1.000000 1.000000
3856.913330 0.500000 2664.834717 0.000000 0.983200 0.000000 0.182530 1.000000 1.000000 1.000000
3822.470703 0.500000 2731.536377 0.000000 0.998738 0.000000 0.050237 1.000000 1.000000 1.000000
3825.910156 0.500000 2731.853271 0.000000 0.998738 0.000000 0.050237 1.000000 1.000000 1.000000
3829.272949 0.500000 2732.195557 0.000000 0.998738 0.000000 0.050237 1.000000 1.000000 1.000000
3832.695068 0.500000 2732.512939 0.000000 0.998738 0.000000 0.050237 1.000000 1.000000 1.000000
3842.752686 0.500000 2733.511963 0.000000 0.998738 0.000000 0.050237 1.000000 1.000000 1.000000
3839.406250 0.500000 2733.187012 0.000000 0.998738 0.000000 0.050237 1.000000 1.000000 1.000000
3836.058105 0.500000 2732.855225 0.000000 0.998738 0.000000 0.050237 1.000000 1.000000 1.000000
3979.180420 0.500000 2980.315918 0.000000 0.999950 0.000000 0.010036 1.000000 1.000000 1.000000
3982.616455 0.500000 2980.358154 0.000000 0.999950 0.000000 0.010036 1.000000 1.000000 1.000000
3985.995605 0.500000 2980.428711 0.000000 0.999950 0.000000 0.010036 1.000000 1.000000 1.000000
3989.449707 0.500000 2980.467529 0.000000 0.999950 0.000000 0.010036 1.000000 1.000000 1.000000
3992.829102 0.500000 2980.539062 0.000000 0.999950 0.000000 0.010036 1.000000 1.000000 1.000000
3996.265869 0.500000 2980.579834 0.000000 0.999950 0.000000 0.010036 1.000000 1.000000 1.000000
4006.371094 0.500000 2980.767822 0.000000 0.999950 0.000000 0.010036 1.000000 1.000000 1.000000
4003.009033 0.500000 2980.712402 0.000000 0.999950 0.000000 0.010036 1.000000 1.000000 1.000000
3999.645264 0.500000 2980.650879 0.000000 0.999950 0.000000 0.010036 1.000000 1.000000 1.000000
3924.920410 0.500000 3480.680664 0.000000 0.971623 0.000000 0.236533 1.000000 1.000000 1.000000
3928.001465 0.500000 3482.239990 0.000000 0.971623 0.000000 0.236533 1.000000 1.000000 1.000000
3931.001953 0.500000 3483.797119 0.000000 0.971623 0.000000 0.236533 1.000000 1.000000 1.000000
3934.066895 0.500000 3485.352295 0.000000 0.971623 0.000000 0.236533 1.000000 1.000000 1.000000
3943.050537 0.500000 3489.984131 0.000000 0.971623 0.000000 0.236533 1.000000 1.000000 1.000000
3940.058105 0.500000 3488.450684 0.000000 0.971623 0.000000 0.236533 1.000000 1.000000 1.000000
3937.067871 0.500000 3486.908936 0.000000 0.971623 0.000000 0.236533 1.000000 1.000000 1.000000
3811.825195 0.500000 3313.247803 0.000000 0.908627 0.000000 0.417610 1.000000 1.000000 1.000000
3814.080078 0.500000 3315.865234 0.000000 0.908627 0.000000 0.417610 1.000000 1.000000 1.000000
3816.278564 0.500000 3318.432617 0.000000 0.908627 0.000000 0.417610 1.000000 1.000000 1.000000
3818.537598 0.500000 3321.022705 0.000000 0.908627 0.000000 0.417610 1.000000 1.000000 1.000000
3820.736572 0.500000 3323.590332 0.000000 0.908627 0.000000 0.417610 1.000000 1.000000 1.000000
3823.008545 0.500000 3326.191162 0.000000 0.908627 0.000000 0.417610 1.000000 1.000000 1.000000
3825.207520 0.500000 3328.758545 0.000000 0.908627 0.000000 0.417610 1.000000 1.000000 1.000000
3827.466309 0.500000 3331.348389 0.000000 0.908627 0.000000 0.417610 1.000000 1.000000 1.000000
3834.060059 0.500000 3339.009033 0.000000 0.908627 0.000000 0.417610 1.000000 1.000000 1.000000
3831.860840 0.500000 3336.465820 0.000000 0.908627 0.000000 0.417610 1.000000 1.000000 1.000000
3829.665283 0.500000 3333.916260 0.000000 0.908627 0.000000 0.417610 1.000000 1.000000 1.000000
3836.216553 0.500000 3341.572998 0.000000 0.908627 0.000000 0.417610 1.000000 1.000000 1.000000
3838.415527 0.500000 3344.140869 0.000000 0.908627 0.000000 0.417610 1.000000 1.000000 1.000000
3668.642090 0.500000 2793.952148 0.000000 0.999988 0.000000 -0.005100 1.000000 1.000000 1.000000
3672.021729 0.500000 2793.920654 0.000000 0.999988 0.000000 -0.005100 1.000000 1.000000 1.000000
3675.458008 0.500000 2793.857666 0.000000 0.999988 0.000000 -0.005100 1.000000 1.000000 1.000000
3678.838135 0.500000 2793.826904 0.000000 0.999988 0.000000 -0.005100 1.000000 1.000000 1.000000
3682.291260 0.500000 2793.760498 0.000000 0.999988 0.000000 -0.005100 1.000000 1.000000 1.000000
3685.671143 0.500000 2793.729736 0.000000 0.999988 0.000000 -0.005100 1.000000 1.000000 1.000000
3689.107422 0.500000 2793.666748 0.000000 0.999988 0.000000 -0.005100 1.000000 1.000000 1.000000
3695.851807 0.500000 2793.595215 0.000000 0.999988 0.000000 -0.005100 1.000000 1.000000 1.000000
3692.487793 0.500000 2793.635742 0.000000 0.999988 0.000000 -0.005100 1.000000 1.000000 1.000000
3605.455811 0.500000 2743.212158 0.000000 0.848747 0.000000 0.528800 1.000000 1.000000 1.000000
3606.942871 0.500000 2746.248047 0.000000 0.848747 0.000000 0.528800 1.000000 1.000000 1.000000
3608.481934 0.500000 2749.320557 0.000000 0.848747 0.000000 0.528800 1.000000 1.000000 1.000000
3612.950928 0.500000 2758.386475 0.000000 0.848747 0.000000 0.528800 1.000000 1.000000 1.000000
3611.457520 0.500000 2755.373779 0.000000 0.848747 0.000000 0.528800 1.000000 1.000000 1.000000
3609.969238 0.500000 2752.356445 0.000000 0.848747 0.000000 0.528800 1.000000 1.000000 1.000000
3570.364990 0.500000 2738.519775 0.000000 0.444760 0.000000 0.895650 1.000000 1.000000 1.000000
3568.318604 0.500000 2741.210693 0.000000 0.444760 0.000000 0.895650 1.000000 1.000000 1.000000
3566.264404 0.500000 2743.965576 0.000000 0.444760 0.000000 0.895650 1.000000 1.000000 1.000000
3564.181152 0.500000 2746.722168 0.000000 0.444760 0.000000 0.895650 1.000000 1.000000 1.000000
3562.135742 0.500000 2749.413330 0.000000 0.444760 0.000000 0.895650 1.000000 1.000000 1.000000
3560.081055 0.500000 2752.167969 0.000000 0.444760 0.000000 0.895650 1.000000 1.000000 1.000000
3558.035400 0.500000 2754.859131 0.000000 0.444760 0.000000 0.895650 1.000000 1.000000 1.000000
3936.489502 0.500000 2898.575928 0.000000 0.689879 0.000000 0.723925 1.000000 1.000000 1.000000
3936.323730 0.500000 2901.952148 0.000000 0.689879 0.000000 0.723925 1.000000 1.000000 1.000000
3936.187988 0.500000 2905.403076 0.000000 0.689879 0.000000 0.723925 1.000000 1.000000 1.000000
3936.021973 0.500000 2908.779297 0.000000 0.689879 0.000000 0.723925 1.000000 1.000000 1.000000
3935.884277 0.500000 2912.213135 0.000000 0.689879 0.000000 0.723925 1.000000 1.000000 1.000000
3935.413086 0.500000 2922.309570 0.000000 0.689879 0.000000 0.723925 1.000000 1.000000 1.000000
3935.562256 0.500000 2918.950684 0.000000 0.689879 0.000000 0.723925 1.000000 1.000000 1.000000
3935.718262 0.500000 2915.589600 0.000000 0.689879 0.000000 0.723925 1.000000 1.000000 1.000000
3935.218994 0.500000 2925.654297 0.000000 0.689879 0.000000 0.723925 1.000000 1.000000 1.000000
3935.052734 0.500000 2929.030762 0.000000 0.689879 0.000000 0.723925 1.000000 1.000000 1.000000
3934.915039 0.500000 2932.464600 0.000000 0.689879 0.000000 0.723925 1.000000 1.000000 1.000000
3927.438477 0.500000 3025.498779 0.000000 0.689879 0.000000 0.723925 1.000000 1.000000 1.000000
3927.272705 0.500000 3028.875244 0.000000 0.689879 0.000000 0.723925 1.000000 1.000000 1.000000
3927.135010 0.500000 3032.309082 0.000000 0.689879 0.000000 0.723925 1.000000 1.000000 1.000000
3926.968994 0.500000 3035.685547 0.000000 0.689879 0.000000 0.723925 1.000000 1.000000 1.000000
3938.180908 0.500000 3200.822266 0.000000 0.574505 0.000000 0.818501 1.000000 1.000000 1.000000
3937.028809 0.500000 3204.000488 0.000000 0.574505 0.000000 0.818501 1.000000 1.000000 1.000000
3935.886719 0.500000 3207.241943 0.000000 0.574505 0.000000 0.818501 1.000000 1.000000 1.000000
3934.718750 0.500000 3210.493408 0.000000 0.574505 0.000000 0.818501 1.000000 1.000000 1.000000
3933.566895 0.500000 3213.671143 0.000000 0.574505 0.000000 0.818501 1.000000 1.000000 1.000000
3932.424561 0.500000 3216.912598 0.000000 0.574505 0.000000 0.818501 1.000000 1.000000 1.000000
3931.272705 0.500000 3220.090576 0.000000 0.574505 0.000000 0.818501 1.000000 1.000000 1.000000
3930.127686 0.500000 3223.348877 0.000000 0.574505 0.000000 0.818501 1.000000 1.000000 1.000000
3928.975586 0.500000 3226.527100 0.000000 0.574505 0.000000 0.818501 1.000000 1.000000 1.000000
3927.833740 0.500000 3229.768311 0.000000 0.574505 0.000000 0.818501 1.000000 1.000000 1.000000
3926.681641 0.500000 3232.946289 0.000000 0.574505 0.000000 0.818501 1.000000 1.000000 1.000000
3964.019287 0.500000 3298.817627 0.000000 0.321971 0.000000 -0.946750 1.000000 1.000000 1.000000
3961.341309 0.500000 3296.754395 0.000000 0.321971 0.000000 -0.946750 1.000000 1.000000 1.000000
3958.600586 0.500000 3294.681396 0.000000 0.321971 0.000000 -0.946750 1.000000 1.000000 1.000000
3955.923096 0.500000 3292.617920 0.000000 0.321971 0.000000 -0.946750 1.000000 1.000000 1.000000
3953.167236 0.500000 3290.536865 0.000000 0.321971 0.000000 -0.946750 1.000000 1.000000 1.000000
3950.489502 0.500000 3288.473145 0.000000 0.321971 0.000000 -0.946750 1.000000 1.000000 1.000000
3947.748779 0.500000 3286.400391 0.000000 0.321971 0.000000 -0.946750 1.000000 1.000000 1.000000
3937.050049 0.500000 3278.188965 0.000000 0.321971 0.000000 -0.946750 1.000000 1.000000 1.000000
3939.727539 0.500000 3280.250488 0.000000 0.321971 0.000000 -0.946750 1.000000 1.000000 1.000000
3942.400391 0.500000 3282.290039 0.000000 0.321971 0.000000 -0.946750 1.000000 1.000000 1.000000
3945.071045 0.500000 3284.336182 0.000000 0.321971 0.000000 -0.946750 1.000000 1.000000 1.000000
3759.535400 0.500000 3218.881592 0.000000 0.823140 0.000000 0.567838 1.000000 1.000000 1.000000
3760.781738 0.500000 3222.084229 0.000000 0.823140 0.000000 0.567838 1.000000 1.000000 1.000000
3765.583496 0.500000 3234.686523 0.000000 0.823140 0.000000 0.567838 1.000000 1.000000 1.000000
3764.385010 0.500000 3231.527100 0.000000 0.823140 0.000000 0.567838 1.000000 1.000000 1.000000
3763.179199 0.500000 3228.388672 0.000000 0.823140 0.000000 0.567838 1.000000 1.000000 1.000000
3761.978760 0.500000 3225.245605 0.000000 0.823140 0.000000 0.567838 1.000000 1.000000 1.000000
3780.812744 0.500000 3323.706299 0.000000 0.694175 0.000000 0.719807 1.000000 1.000000 1.000000
3780.687012 0.500000 3327.084229 0.000000 0.694175 0.000000 0.719807 1.000000 1.000000 1.000000
3780.590088 0.500000 3330.519531 0.000000 0.694175 0.000000 0.719807 1.000000 1.000000 1.000000
3780.471680 0.500000 3333.972412 0.000000 0.694175 0.000000 0.719807 1.000000 1.000000 1.000000
3780.345947 0.500000 3337.350586 0.000000 0.694175 0.000000 0.719807 1.000000 1.000000 1.000000
3780.249023 0.500000 3340.785645 0.000000 0.694175 0.000000 0.719807 1.000000 1.000000 1.000000
3780.123291 0.500000 3344.163818 0.000000 0.694175 0.000000 0.719807 1.000000 1.000000 1.000000
3780.028564 0.500000 3347.616211 0.000000 0.694175 0.000000 0.719807 1.000000 1.000000 1.000000
3819.419434 0.500000 3198.426025 0.000000 0.536886 0.000000 0.843655 1.000000 1.000000 1.000000
3817.984619 0.500000 3201.486816 0.000000 0.536886 0.000000 0.843655 1.000000 1.000000 1.000000
3816.554443 0.500000 3204.611572 0.000000 0.536886 0.000000 0.843655 1.000000 1.000000 1.000000
3815.097412 0.500000 3207.744141 0.000000 0.536886 0.000000 0.843655 1.000000 1.000000 1.000000
3813.662598 0.500000 3210.805664 0.000000 0.536886 0.000000 0.843655 1.000000 1.000000 1.000000
3812.232666 0.500000 3213.930420 0.000000 0.536886 0.000000 0.843655 1.000000 1.000000 1.000000
3810.797852 0.500000 3216.991211 0.000000 0.536886 0.000000 0.843655 1.000000 1.000000 1.000000
3809.363037 0.500000 3220.132324 0.000000 0.536886 0.000000 0.843655 1.000000 1.000000 1.000000
3807.928223 0.500000 3223.193359 0.000000 0.536886 0.000000 0.843655 1.000000 1.000000 1.000000
3806.498047 0.500000 3226.317871 0.000000 0.536886 0.000000 0.843655 1.000000 1.000000 1.000000
3802.231445 0.500000 3235.480713 0.000000 0.536886 0.000000 0.843655 1.000000 1.000000 1.000000
3803.643799 0.500000 3232.429443 0.000000 0.536886 0.000000 0.843655 1.000000 1.000000 1.000000
3805.063477 0.500000 3229.379150 0.000000 0.536886 0.000000 0.843655 1.000000 1.000000 1.000000
3783.315674 0.500000 3041.474609 0.000000 0.626863 0.000000 0.779130 1.000000 1.000000 1.000000
3782.606201 0.500000 3044.854492 0.000000 0.626863 0.000000 0.779130 1.000000 1.000000 1.000000
3781.879395 0.500000 3048.156006 0.000000 0.626863 0.000000 0.779130 1.000000 1.000000 1.000000
3781.170654 0.500000 3051.518555 0.000000 0.626863 0.000000 0.779130 1.000000 1.000000 1.000000
3779.729248 0.500000 3058.107910 0.000000 0.626863 0.000000 0.779130 1.000000 1.000000 1.000000
3780.443848 0.500000 3054.820068 0.000000 0.626863 0.000000 0.779130 1.000000 1.000000 1.000000
"}
